site_code,zone_name,cluster_name,vendor,latitude,longitude,cluster_id,cluster_rank,cluster_type
MPT020,B1,Foz,ERICSSON,41.166046,-8.678221,0,7,normalized time-series kmeans (4g)
MPT015,B1,Foz,ERICSSON,41.149363,-8.671653,0,7,normalized time-series kmeans (4g)
MPT018,B1,Foz,ERICSSON,41.149073,-8.664945,6,0,normalized time-series kmeans (4g)
MPT022,B1,Foz,ERICSSON,41.155866,-8.664221,5,5,normalized time-series kmeans (4g)
MPT016,B1,Foz,ERICSSON,41.152348,-8.678048,7,4,normalized time-series kmeans (4g)
MPT019,B1,Foz,ERICSSON,41.173163,-8.672154,8,13,normalized time-series kmeans (4g)
MPT023,B1,Foz,ERICSSON,41.170546,-8.667399,8,13,normalized time-series kmeans (4g)
MPT021,B1,Foz,ERICSSON,41.162988,-8.665969,7,4,normalized time-series kmeans (4g)
MPT013,B1,Foz,ERICSSON,41.157971,-8.679893,0,7,normalized time-series kmeans (4g)
MPT017,B1,Foz,ERICSSON,41.154911,-8.674688,8,13,normalized time-series kmeans (4g)
MPT014,B1,Foz,ERICSSON,41.16203,-8.683841,7,4,normalized time-series kmeans (4g)
MPT447,B1,Aves,ERICSSON,41.357498,-8.390224,2,14,normalized time-series kmeans (4g)
MBR150,B1,Aves,ERICSSON,41.393889,-8.356844,1,12,normalized time-series kmeans (4g)
MBR151,B1,Aves,ERICSSON,41.378121,-8.353213,13,10,normalized time-series kmeans (4g)
MBR003,B1,Aves,ERICSSON,41.36755,-8.369689,7,4,normalized time-series kmeans (4g)
MBR005,B1,Aves,ERICSSON,41.379335,-8.419911,7,4,normalized time-series kmeans (4g)
MBR009,B1,Aves,ERICSSON,41.440049,-8.413708,7,4,normalized time-series kmeans (4g)
MBR011,B1,Aves,ERICSSON,41.370479,-8.394351,8,13,normalized time-series kmeans (4g)
MBR010,B1,Aves,ERICSSON,41.408256,-8.372512,1,12,normalized time-series kmeans (4g)
MPT026,B1,Aves,ERICSSON,41.373147,-8.34285,12,8,normalized time-series kmeans (4g)
MBR008,B1,Aves,ERICSSON,41.393361,-8.387251,7,4,normalized time-series kmeans (4g)
MBR006,B1,Aves,ERICSSON,41.401787,-8.329737,2,14,normalized time-series kmeans (4g)
MBR002,B1,Aves,ERICSSON,41.378166,-8.31485,7,4,normalized time-series kmeans (4g)
MBR007,B1,Aves,ERICSSON,41.416222,-8.404518,7,4,normalized time-series kmeans (4g)
MBR004,B1,Aves,ERICSSON,41.430191,-8.427285,7,4,normalized time-series kmeans (4g)
MBR001,B1,Aves,ERICSSON,41.425388,-8.356287,7,4,normalized time-series kmeans (4g)
MBR031,B1,Fafe,ERICSSON,41.408944,-8.231197,8,13,normalized time-series kmeans (4g)
MBR025,B1,Fafe,ERICSSON,41.422356,-8.197757,2,14,normalized time-series kmeans (4g)
MBR026,B1,Fafe,ERICSSON,41.397841,-8.151597,8,13,normalized time-series kmeans (4g)
MPT503,B1,Fafe,ERICSSON,41.386711,-8.230861,8,13,normalized time-series kmeans (4g)
MBR030,B1,Fafe,ERICSSON,41.496694,-8.208317,1,12,normalized time-series kmeans (4g)
MPT124,B1,Fafe,ERICSSON,41.364852,-8.223262,9,9,normalized time-series kmeans (4g)
MBR035,B1,Fafe,ERICSSON,41.455952,-8.138951,13,10,normalized time-series kmeans (4g)
MBR034,B1,Fafe,ERICSSON,41.460349,-8.183627,12,8,normalized time-series kmeans (4g)
MBR033,B1,Fafe,ERICSSON,41.4543,-8.214017,10,1,normalized time-series kmeans (4g)
MBR029,B1,Fafe,ERICSSON,41.474223,-8.162686,14,11,normalized time-series kmeans (4g)
MBR028,B1,Fafe,ERICSSON,41.407161,-8.262334,7,4,normalized time-series kmeans (4g)
MBR032,B1,Fafe,ERICSSON,41.449474,-8.17069,6,0,normalized time-series kmeans (4g)
MPT115,B1,Fafe,ERICSSON,41.36798,-8.189465,6,0,normalized time-series kmeans (4g)
MPT120,B1,Fafe,ERICSSON,41.362921,-8.201658,6,0,normalized time-series kmeans (4g)
MBR027,B1,Fafe,ERICSSON,41.443887,-8.180362,4,6,normalized time-series kmeans (4g)
MPT078,B1,Maia,ERICSSON,41.246603,-8.620979,1,12,normalized time-series kmeans (4g)
MPT083,B1,Maia,ERICSSON,41.237622,-8.640399,5,5,normalized time-series kmeans (4g)
MPT085,B1,Maia,ERICSSON,41.222607,-8.62107,13,10,normalized time-series kmeans (4g)
MPT075,B1,Maia,ERICSSON,41.238471,-8.608091,8,13,normalized time-series kmeans (4g)
MPT086,B1,Maia,ERICSSON,41.233546,-8.622164,5,5,normalized time-series kmeans (4g)
MPT090,B1,Maia,ERICSSON,41.230687,-8.613077,13,10,normalized time-series kmeans (4g)
MPT084,B1,Maia,ERICSSON,41.224139,-8.608009,8,13,normalized time-series kmeans (4g)
MPT073,B1,Maia,ERICSSON,41.231371,-8.623728,5,5,normalized time-series kmeans (4g)
MPT079,B1,Maia,ERICSSON,41.218693,-8.639142,0,7,normalized time-series kmeans (4g)
MAV010,B1,Ovar,ERICSSON,40.836019,-8.592264,10,1,normalized time-series kmeans (4g)
MAV008,B1,Ovar,ERICSSON,40.925011,-8.604794,13,10,normalized time-series kmeans (4g)
MAV006,B1,Ovar,ERICSSON,40.899197,-8.598121,13,10,normalized time-series kmeans (4g)
MAV003,B1,Ovar,ERICSSON,40.873199,-8.67213,14,11,normalized time-series kmeans (4g)
MAV007,B1,Ovar,ERICSSON,40.856528,-8.568967,8,13,normalized time-series kmeans (4g)
MAV002,B1,Ovar,ERICSSON,40.88847,-8.614591,5,5,normalized time-series kmeans (4g)
MAV009,B1,Ovar,ERICSSON,40.865468,-8.627005,7,4,normalized time-series kmeans (4g)
MAV001,B1,Ovar,ERICSSON,40.859888,-8.628662,2,14,normalized time-series kmeans (4g)
MAV005,B1,Ovar,ERICSSON,40.940102,-8.603136,9,9,normalized time-series kmeans (4g)
MAV004,B1,Ovar,ERICSSON,40.85767,-8.61153,1,12,normalized time-series kmeans (4g)
MPT334,B1,Antas,ERICSSON,41.171043,-8.573588,7,4,normalized time-series kmeans (4g)
MPT330,B1,Antas,ERICSSON,41.148904,-8.57192,13,10,normalized time-series kmeans (4g)
MPT324,B1,Antas,ERICSSON,41.160616,-8.592142,11,2,normalized time-series kmeans (4g)
MPT322,B1,Antas,ERICSSON,41.167266,-8.588932,14,11,normalized time-series kmeans (4g)
MPT323,B1,Antas,ERICSSON,41.161011,-8.578017,3,3,normalized time-series kmeans (4g)
MPT335,B1,Antas,ERICSSON,41.173804,-8.588545,3,3,normalized time-series kmeans (4g)
MPT331,B1,Antas,ERICSSON,41.148082,-8.583485,6,0,normalized time-series kmeans (4g)
MPT333,B1,Antas,ERICSSON,41.169556,-8.597179,0,7,normalized time-series kmeans (4g)
MPT336,B1,Antas,ERICSSON,41.165939,-8.594731,0,7,normalized time-series kmeans (4g)
MPT325,B1,Antas,ERICSSON,41.155915,-8.580074,5,5,normalized time-series kmeans (4g)
MBR054,B1,Brito,ERICSSON,41.550358,-8.329989,14,11,normalized time-series kmeans (4g)
MBR051,B1,Brito,ERICSSON,41.472373,-8.384733,1,12,normalized time-series kmeans (4g)
MBR053,B1,Brito,ERICSSON,41.463996,-8.33295,12,8,normalized time-series kmeans (4g)
MBR058,B1,Brito,ERICSSON,41.485103,-8.319677,10,1,normalized time-series kmeans (4g)
MBR059,B1,Brito,ERICSSON,41.452155,-8.357292,6,0,normalized time-series kmeans (4g)
MBR052,B1,Brito,ERICSSON,41.486649,-8.3518,6,0,normalized time-series kmeans (4g)
MBR056,B1,Brito,ERICSSON,41.516953,-8.312189,4,6,normalized time-series kmeans (4g)
MBR057,B1,Brito,ERICSSON,41.520777,-8.355007,4,6,normalized time-series kmeans (4g)
MBR055,B1,Brito,ERICSSON,41.444146,-8.385035,0,7,normalized time-series kmeans (4g)
MBR050,B1,Brito,ERICSSON,41.537548,-8.367859,1,12,normalized time-series kmeans (4g)
MPT449,B1,Trofa,ERICSSON,41.34199,-8.539676,0,7,normalized time-series kmeans (4g)
MBR040,B1,Trofa,ERICSSON,41.372297,-8.608078,2,14,normalized time-series kmeans (4g)
MPT127,B1,Trofa,ERICSSON,41.311372,-8.630496,12,8,normalized time-series kmeans (4g)
MPT128,B1,Trofa,ERICSSON,41.338481,-8.553327,6,0,normalized time-series kmeans (4g)
MPT129,B1,Trofa,ERICSSON,41.330089,-8.671821,8,13,normalized time-series kmeans (4g)
MBR041,B1,Trofa,ERICSSON,41.356677,-8.551123,8,13,normalized time-series kmeans (4g)
MBR047,B1,Trofa,ERICSSON,41.361515,-8.567732,9,9,normalized time-series kmeans (4g)
MPT132,B1,Trofa,ERICSSON,41.362515,-8.697602,13,10,normalized time-series kmeans (4g)
MPT126,B1,Trofa,ERICSSON,41.311363,-8.59069,7,4,normalized time-series kmeans (4g)
MPT125,B1,Trofa,ERICSSON,41.336222,-8.560764,6,0,normalized time-series kmeans (4g)
MPT131,B1,Trofa,ERICSSON,41.372358,-8.664386,12,8,normalized time-series kmeans (4g)
MAV092,B1,Vagos,ERICSSON,40.547299,-8.718402,2,14,normalized time-series kmeans (4g)
MAV096,B1,Vagos,ERICSSON,40.544046,-8.647855,2,14,normalized time-series kmeans (4g)
MAV093,B1,Vagos,ERICSSON,40.499938,-8.608456,14,11,normalized time-series kmeans (4g)
MAV202,B1,Vagos,ERICSSON,40.499499,-8.571329,2,14,normalized time-series kmeans (4g)
MAV090,B1,Vagos,ERICSSON,40.521614,-8.598284,2,14,normalized time-series kmeans (4g)
MAV214,B1,Vagos,ERICSSON,40.471662,-8.640368,1,12,normalized time-series kmeans (4g)
MAV095,B1,Vagos,ERICSSON,40.577658,-8.648471,14,11,normalized time-series kmeans (4g)
MCO093,B1,Vagos,ERICSSON,40.457151,-8.574172,10,1,normalized time-series kmeans (4g)
MAV084,B1,Vagos,ERICSSON,40.563071,-8.616192,8,13,normalized time-series kmeans (4g)
MAV097,B1,Vagos,ERICSSON,40.555992,-8.681986,12,8,normalized time-series kmeans (4g)
MAV087,B1,Vagos,ERICSSON,40.477108,-8.68762,4,6,normalized time-series kmeans (4g)
MAV104,B1,Vagos,ERICSSON,40.505093,-8.679169,13,10,normalized time-series kmeans (4g)
MCO092,B1,Vagos,ERICSSON,40.448213,-8.700147,12,8,normalized time-series kmeans (4g)
MAV108,B1,Agueda,ERICSSON,40.624761,-8.46813,14,11,normalized time-series kmeans (4g)
MAV109,B1,Agueda,ERICSSON,40.564302,-8.477645,12,8,normalized time-series kmeans (4g)
MAV119,B1,Agueda,ERICSSON,40.548256,-8.397735,2,14,normalized time-series kmeans (4g)
MAV122,B1,Agueda,ERICSSON,40.535525,-8.367114,1,12,normalized time-series kmeans (4g)
MAV106,B1,Agueda,ERICSSON,40.638368,-8.529303,1,12,normalized time-series kmeans (4g)
MAV107,B1,Agueda,ERICSSON,40.562007,-8.450814,12,8,normalized time-series kmeans (4g)
MAV117,B1,Agueda,ERICSSON,40.59504,-8.495949,10,1,normalized time-series kmeans (4g)
MAV110,B1,Agueda,ERICSSON,40.592532,-8.465029,0,7,normalized time-series kmeans (4g)
MAV120,B1,Agueda,ERICSSON,40.544311,-8.450238,12,8,normalized time-series kmeans (4g)
MAV113,B1,Agueda,ERICSSON,40.579113,-8.435657,0,7,normalized time-series kmeans (4g)
MBR144,B1,Amares,ERICSSON,41.590117,-8.426237,1,12,normalized time-series kmeans (4g)
MBR129,B1,Amares,ERICSSON,41.625243,-8.391444,14,11,normalized time-series kmeans (4g)
MBR167,B1,Amares,ERICSSON,41.601356,-8.458558,14,11,normalized time-series kmeans (4g)
MBR127,B1,Amares,ERICSSON,41.608624,-8.419263,4,6,normalized time-series kmeans (4g)
MBR125,B1,Amares,ERICSSON,41.59537,-8.413047,1,12,normalized time-series kmeans (4g)
MBR122,B1,Amares,ERICSSON,41.634908,-8.345718,4,6,normalized time-series kmeans (4g)
MBR124,B1,Amares,ERICSSON,41.600934,-8.363545,8,13,normalized time-series kmeans (4g)
MBR132,B1,Amares,ERICSSON,41.591202,-8.446031,9,9,normalized time-series kmeans (4g)
MBR131,B1,Amares,ERICSSON,41.573893,-8.403381,1,12,normalized time-series kmeans (4g)
MBR121,B1,Amares,ERICSSON,41.568084,-8.38644,12,8,normalized time-series kmeans (4g)
MBR130,B1,Amares,ERICSSON,41.574677,-8.366466,7,4,normalized time-series kmeans (4g)
MBR123,B1,Amares,ERICSSON,41.583158,-8.434991,8,13,normalized time-series kmeans (4g)
MBR136,B1,Apulia,ERICSSON,41.51465,-8.648289,1,12,normalized time-series kmeans (4g)
MBR137,B1,Apulia,ERICSSON,41.486289,-8.56554,8,13,normalized time-series kmeans (4g)
MBR067,B1,Apulia,ERICSSON,41.485877,-8.717621,1,12,normalized time-series kmeans (4g)
MBR078,B1,Apulia,ERICSSON,41.476137,-8.566121,7,4,normalized time-series kmeans (4g)
MPT210,B1,Apulia,ERICSSON,41.410882,-8.672717,1,12,normalized time-series kmeans (4g)
MBR070,B1,Apulia,ERICSSON,41.485678,-8.778784,1,12,normalized time-series kmeans (4g)
MPT209,B1,Apulia,ERICSSON,41.425437,-8.776198,7,4,normalized time-series kmeans (4g)
MBR064,B1,Apulia,ERICSSON,41.455053,-8.599091,12,8,normalized time-series kmeans (4g)
MBR074,B1,Apulia,ERICSSON,41.478183,-8.538727,1,12,normalized time-series kmeans (4g)
MBR063,B1,Apulia,ERICSSON,41.50916,-8.689432,1,12,normalized time-series kmeans (4g)
MBR066,B1,Apulia,ERICSSON,41.422556,-8.624926,10,1,normalized time-series kmeans (4g)
MPT208,B1,Apulia,ERICSSON,41.434502,-8.715102,10,1,normalized time-series kmeans (4g)
MBR072,B1,Apulia,ERICSSON,41.523922,-8.547751,10,1,normalized time-series kmeans (4g)
MBR065,B1,Apulia,ERICSSON,41.494646,-8.59306,4,6,normalized time-series kmeans (4g)
MPT349,B1,Areosa,ERICSSON,41.186571,-8.580618,3,3,normalized time-series kmeans (4g)
MPT348,B1,Areosa,ERICSSON,41.19994,-8.585959,14,11,normalized time-series kmeans (4g)
MPT341,B1,Areosa,ERICSSON,41.17857,-8.567959,1,12,normalized time-series kmeans (4g)
MPT352,B1,Areosa,ERICSSON,41.193884,-8.595322,7,4,normalized time-series kmeans (4g)
MPT354,B1,Areosa,ERICSSON,41.190203,-8.596323,7,4,normalized time-series kmeans (4g)
MPT353,B1,Areosa,ERICSSON,41.19385,-8.578413,8,13,normalized time-series kmeans (4g)
MPT343,B1,Areosa,ERICSSON,41.179485,-8.594219,5,5,normalized time-series kmeans (4g)
MPT351,B1,Areosa,ERICSSON,41.178462,-8.582458,3,3,normalized time-series kmeans (4g)
MPT342,B1,Areosa,ERICSSON,41.184381,-8.604397,5,5,normalized time-series kmeans (4g)
MAV116,B1,Canedo,ERICSSON,41.020184,-8.476629,13,10,normalized time-series kmeans (4g)
MAV111,B1,Canedo,ERICSSON,40.951967,-8.513989,13,10,normalized time-series kmeans (4g)
MAV118,B1,Canedo,ERICSSON,40.988432,-8.483014,10,1,normalized time-series kmeans (4g)
MAV115,B1,Canedo,ERICSSON,40.968568,-8.517908,12,8,normalized time-series kmeans (4g)
MPT298,B1,Canedo,ERICSSON,41.068832,-8.477791,1,12,normalized time-series kmeans (4g)
MPT299,B1,Canedo,ERICSSON,41.065156,-8.424607,10,1,normalized time-series kmeans (4g)
MPT409,B1,Covelo,ERICSSON,41.167468,-8.61143,8,13,normalized time-series kmeans (4g)
MPT384,B1,Covelo,ERICSSON,41.163916,-8.621418,8,13,normalized time-series kmeans (4g)
MPT367,B1,Covelo,ERICSSON,41.166101,-8.602395,11,2,normalized time-series kmeans (4g)
MPT381,B1,Covelo,ERICSSON,41.171695,-8.626514,6,0,normalized time-series kmeans (4g)
MPT369,B1,Covelo,ERICSSON,41.163711,-8.631255,11,2,normalized time-series kmeans (4g)
MPT365,B1,Covelo,ERICSSON,41.172428,-8.605886,11,2,normalized time-series kmeans (4g)
MPT371,B1,Covelo,ERICSSON,41.170816,-8.608744,0,7,normalized time-series kmeans (4g)
MPT368,B1,Covelo,ERICSSON,41.163707,-8.613459,11,2,normalized time-series kmeans (4g)
MPT385,B1,Covelo,ERICSSON,41.17109,-8.615107,7,4,normalized time-series kmeans (4g)
MPT376,B1,Covelo,ERICSSON,41.16635,-8.628403,0,7,normalized time-series kmeans (4g)
MLR010,B1,Pombal,ERICSSON,39.950813,-8.671976,13,10,normalized time-series kmeans (4g)
MLR005,B1,Pombal,ERICSSON,39.90285,-8.690267,8,13,normalized time-series kmeans (4g)
MLR009,B1,Pombal,ERICSSON,39.873951,-8.701985,8,13,normalized time-series kmeans (4g)
MLR074,B1,Pombal,ERICSSON,39.890833,-8.661953,10,1,normalized time-series kmeans (4g)
MLR082,B1,Pombal,ERICSSON,39.846596,-8.703133,1,12,normalized time-series kmeans (4g)
MCO028,B1,Pombal,ERICSSON,40.048515,-8.560841,14,11,normalized time-series kmeans (4g)
MLR073,B1,Pombal,ERICSSON,39.909739,-8.62523,12,8,normalized time-series kmeans (4g)
MLR007,B1,Pombal,ERICSSON,39.873816,-8.685241,8,13,normalized time-series kmeans (4g)
MLR078,B1,Pombal,ERICSSON,39.995825,-8.611843,10,1,normalized time-series kmeans (4g)
MCO029,B1,Pombal,ERICSSON,40.062331,-8.623472,4,6,normalized time-series kmeans (4g)
MLR006,B1,Pombal,ERICSSON,39.938193,-8.625289,10,1,normalized time-series kmeans (4g)
MLR004,B1,Pombal,ERICSSON,39.916771,-8.623545,0,7,normalized time-series kmeans (4g)
MPT106,B1,Afurada,ERICSSON,41.134812,-8.625079,5,5,normalized time-series kmeans (4g)
MPT103,B1,Afurada,ERICSSON,41.127661,-8.622618,5,5,normalized time-series kmeans (4g)
MPT102,B1,Afurada,ERICSSON,41.130294,-8.646323,6,0,normalized time-series kmeans (4g)
MPT107,B1,Afurada,ERICSSON,41.123624,-8.63042,5,5,normalized time-series kmeans (4g)
MPT109,B1,Afurada,ERICSSON,41.129624,-8.633507,6,0,normalized time-series kmeans (4g)
MPT108,B1,Afurada,ERICSSON,41.118627,-8.637094,13,10,normalized time-series kmeans (4g)
MPT101,B1,Afurada,ERICSSON,41.130055,-8.665815,14,11,normalized time-series kmeans (4g)
MPT104,B1,Afurada,ERICSSON,41.138221,-8.634663,7,4,normalized time-series kmeans (4g)
MPT096,B1,Afurada,ERICSSON,41.12509,-8.658871,4,6,normalized time-series kmeans (4g)
MPT105,B1,Afurada,ERICSSON,41.14115,-8.624089,9,9,normalized time-series kmeans (4g)
MPT396,B1,Amieira,ERICSSON,41.193346,-8.611747,5,5,normalized time-series kmeans (4g)
MPT392,B1,Amieira,ERICSSON,41.177008,-8.628808,5,5,normalized time-series kmeans (4g)
MPT407,B1,Amieira,ERICSSON,41.189235,-8.627284,3,3,normalized time-series kmeans (4g)
MPT393,B1,Amieira,ERICSSON,41.178881,-8.637155,6,0,normalized time-series kmeans (4g)
MPT394,B1,Amieira,ERICSSON,41.188241,-8.640454,8,13,normalized time-series kmeans (4g)
MPT397,B1,Amieira,ERICSSON,41.184323,-8.63195,4,6,normalized time-series kmeans (4g)
MPT395,B1,Amieira,ERICSSON,41.184492,-8.617331,3,3,normalized time-series kmeans (4g)
MPT406,B1,Amieira,ERICSSON,41.176147,-8.613481,7,4,normalized time-series kmeans (4g)
MPT399,B1,Amieira,ERICSSON,41.179381,-8.624538,3,3,normalized time-series kmeans (4g)
MPT204,B1,Avintes,ERICSSON,41.089776,-8.555159,2,14,normalized time-series kmeans (4g)
MPT206,B1,Avintes,ERICSSON,41.10077,-8.590202,6,0,normalized time-series kmeans (4g)
MPT198,B1,Avintes,ERICSSON,41.10514,-8.591694,11,2,normalized time-series kmeans (4g)
MPT203,B1,Avintes,ERICSSON,41.11394,-8.587857,6,0,normalized time-series kmeans (4g)
MPT197,B1,Avintes,ERICSSON,41.122587,-8.580215,12,8,normalized time-series kmeans (4g)
MPT205,B1,Avintes,ERICSSON,41.097931,-8.597639,8,13,normalized time-series kmeans (4g)
MPT207,B1,Avintes,ERICSSON,41.112686,-8.597608,5,5,normalized time-series kmeans (4g)
MPT196,B1,Avintes,ERICSSON,41.108744,-8.566286,12,8,normalized time-series kmeans (4g)
MPT202,B1,Avintes,ERICSSON,41.105322,-8.550195,8,13,normalized time-series kmeans (4g)
MPT199,B1,Avintes,ERICSSON,41.117172,-8.572579,6,0,normalized time-series kmeans (4g)
MPT200,B1,Avintes,ERICSSON,41.09734,-8.545308,14,11,normalized time-series kmeans (4g)
MPT201,B1,Avintes,ERICSSON,41.103424,-8.579444,6,0,normalized time-series kmeans (4g)
MPT301,B1,Custoia,ERICSSON,41.212956,-8.617285,7,4,normalized time-series kmeans (4g)
MPT308,B1,Custoia,ERICSSON,41.211219,-8.596671,0,7,normalized time-series kmeans (4g)
MPT303,B1,Custoia,ERICSSON,41.212153,-8.633345,12,8,normalized time-series kmeans (4g)
MPT309,B1,Custoia,ERICSSON,41.202367,-8.610548,7,4,normalized time-series kmeans (4g)
MPT307,B1,Custoia,ERICSSON,41.192008,-8.637941,8,13,normalized time-series kmeans (4g)
MPT318,B1,Custoia,ERICSSON,41.199603,-8.635693,5,5,normalized time-series kmeans (4g)
MPT310,B1,Custoia,ERICSSON,41.211495,-8.62785,5,5,normalized time-series kmeans (4g)
MPT304,B1,Custoia,ERICSSON,41.205634,-8.645822,7,4,normalized time-series kmeans (4g)
MAV086,B1,Espinho,ERICSSON,40.987295,-8.613267,7,4,normalized time-series kmeans (4g)
MAV197,B1,Espinho,ERICSSON,40.99541,-8.641,9,9,normalized time-series kmeans (4g)
MAV206,B1,Espinho,ERICSSON,40.9688,-8.595003,2,14,normalized time-series kmeans (4g)
MAV099,B1,Espinho,ERICSSON,40.976345,-8.631195,1,12,normalized time-series kmeans (4g)
MAV198,B1,Espinho,ERICSSON,40.998035,-8.618812,9,9,normalized time-series kmeans (4g)
MAV091,B1,Espinho,ERICSSON,40.962777,-8.59814,8,13,normalized time-series kmeans (4g)
MAV101,B1,Espinho,ERICSSON,40.94093,-8.629979,12,8,normalized time-series kmeans (4g)
MAV078,B1,Espinho,ERICSSON,40.966584,-8.615586,12,8,normalized time-series kmeans (4g)
MAV089,B1,Espinho,ERICSSON,41.008282,-8.644885,14,11,normalized time-series kmeans (4g)
MAV081,B1,Espinho,ERICSSON,41.007703,-8.637097,7,4,normalized time-series kmeans (4g)
MAV079,B1,Espinho,ERICSSON,40.950432,-8.621145,7,4,normalized time-series kmeans (4g)
MAV083,B1,Espinho,ERICSSON,41.008749,-8.628827,7,4,normalized time-series kmeans (4g)
MAV077,B1,Espinho,ERICSSON,40.991932,-8.62363,9,9,normalized time-series kmeans (4g)
MAV038,B1,Lourosa,ERICSSON,41.000715,-8.541597,1,12,normalized time-series kmeans (4g)
MAV048,B1,Lourosa,ERICSSON,41.008983,-8.562124,12,8,normalized time-series kmeans (4g)
MAV224,B1,Lourosa,ERICSSON,40.976729,-8.536464,9,9,normalized time-series kmeans (4g)
MAV040,B1,Lourosa,ERICSSON,40.989527,-8.589311,9,9,normalized time-series kmeans (4g)
MAV209,B1,Lourosa,ERICSSON,40.99839,-8.557731,1,12,normalized time-series kmeans (4g)
MAV047,B1,Lourosa,ERICSSON,40.988907,-8.55818,12,8,normalized time-series kmeans (4g)
MAV046,B1,Lourosa,ERICSSON,40.995082,-8.523113,13,10,normalized time-series kmeans (4g)
MPT297,B1,Lourosa,ERICSSON,41.026432,-8.576687,12,8,normalized time-series kmeans (4g)
MAV036,B1,Lourosa,ERICSSON,40.99923,-8.572355,0,7,normalized time-series kmeans (4g)
MAV035,B1,Lourosa,ERICSSON,41.027972,-8.55272,13,10,normalized time-series kmeans (4g)
MAV042,B1,Lourosa,ERICSSON,41.011835,-8.514084,1,12,normalized time-series kmeans (4g)
MPT223,B1,Lousada,ERICSSON,41.310196,-8.238855,10,1,normalized time-series kmeans (4g)
MPT229,B1,Lousada,ERICSSON,41.274595,-8.317295,10,1,normalized time-series kmeans (4g)
MPT228,B1,Lousada,ERICSSON,41.33224,-8.265582,10,1,normalized time-series kmeans (4g)
MPT231,B1,Lousada,ERICSSON,41.350472,-8.277092,10,1,normalized time-series kmeans (4g)
MPT226,B1,Lousada,ERICSSON,41.32354,-8.326366,10,1,normalized time-series kmeans (4g)
MPT227,B1,Lousada,ERICSSON,41.341398,-8.221436,14,11,normalized time-series kmeans (4g)
MBR133,B1,Lousada,ERICSSON,41.381059,-8.266863,8,13,normalized time-series kmeans (4g)
MBR128,B1,Lousada,ERICSSON,41.363975,-8.294661,12,8,normalized time-series kmeans (4g)
MPT230,B1,Lousada,ERICSSON,41.308122,-8.317578,12,8,normalized time-series kmeans (4g)
MPT224,B1,Lousada,ERICSSON,41.271293,-8.27953,9,9,normalized time-series kmeans (4g)
MPT504,B1,Mindelo,ERICSSON,41.263925,-8.701975,1,12,normalized time-series kmeans (4g)
MPT157,B1,Mindelo,ERICSSON,41.275771,-8.677645,2,14,normalized time-series kmeans (4g)
MPT161,B1,Mindelo,ERICSSON,41.336443,-8.717538,7,4,normalized time-series kmeans (4g)
MPT168,B1,Mindelo,ERICSSON,41.306719,-8.696726,0,7,normalized time-series kmeans (4g)
MPT163,B1,Mindelo,ERICSSON,41.299111,-8.730396,1,12,normalized time-series kmeans (4g)
MPT158,B1,Mindelo,ERICSSON,41.317436,-8.713438,13,10,normalized time-series kmeans (4g)
MPT153,B1,Mindelo,ERICSSON,41.237561,-8.697511,0,7,normalized time-series kmeans (4g)
MPT152,B1,Mindelo,ERICSSON,41.246036,-8.721974,4,6,normalized time-series kmeans (4g)
MPT155,B1,Mindelo,ERICSSON,41.2261,-8.713826,1,12,normalized time-series kmeans (4g)
MPT280,B1,Recarei,ERICSSON,41.074281,-8.504138,13,10,normalized time-series kmeans (4g)
MPT273,B1,Recarei,ERICSSON,41.189844,-8.398475,1,12,normalized time-series kmeans (4g)
MPT451,B1,Recarei,ERICSSON,41.170673,-8.457302,7,4,normalized time-series kmeans (4g)
MPT283,B1,Recarei,ERICSSON,41.12095,-8.369468,10,1,normalized time-series kmeans (4g)
MPT284,B1,Recarei,ERICSSON,41.092409,-8.490475,8,13,normalized time-series kmeans (4g)
MPT293,B1,Recarei,ERICSSON,41.127038,-8.446296,14,11,normalized time-series kmeans (4g)
MPT275,B1,Recarei,ERICSSON,41.172494,-8.379667,14,11,normalized time-series kmeans (4g)
MPT276,B1,Recarei,ERICSSON,41.151496,-8.428155,7,4,normalized time-series kmeans (4g)
MPT282,B1,Recarei,ERICSSON,41.180323,-8.447052,9,9,normalized time-series kmeans (4g)
MPT281,B1,Recarei,ERICSSON,41.183864,-8.476115,6,0,normalized time-series kmeans (4g)
MPT286,B1,Recarei,ERICSSON,41.172028,-8.428906,6,0,normalized time-series kmeans (4g)
MPT274,B1,Recarei,ERICSSON,41.200288,-8.39077,9,9,normalized time-series kmeans (4g)
MPT452,B1,Valongo,ERICSSON,41.205029,-8.54517,0,7,normalized time-series kmeans (4g)
MPT261,B1,Valongo,ERICSSON,41.196111,-8.520917,1,12,normalized time-series kmeans (4g)
MPT270,B1,Valongo,ERICSSON,41.189903,-8.522679,12,8,normalized time-series kmeans (4g)
MPT254,B1,Valongo,ERICSSON,41.199764,-8.57494,0,7,normalized time-series kmeans (4g)
MPT272,B1,Valongo,ERICSSON,41.185907,-8.536659,12,8,normalized time-series kmeans (4g)
MPT264,B1,Valongo,ERICSSON,41.185098,-8.560118,6,0,normalized time-series kmeans (4g)
MPT263,B1,Valongo,ERICSSON,41.193776,-8.509736,6,0,normalized time-series kmeans (4g)
MPT257,B1,Valongo,ERICSSON,41.208869,-8.508789,9,9,normalized time-series kmeans (4g)
MPT256,B1,Valongo,ERICSSON,41.204406,-8.554228,12,8,normalized time-series kmeans (4g)
MPT259,B1,Valongo,ERICSSON,41.205705,-8.529745,9,9,normalized time-series kmeans (4g)
MPT255,B1,Valongo,ERICSSON,41.191319,-8.497627,7,4,normalized time-series kmeans (4g)
MPT250,B1,Amarante,ERICSSON,41.255029,-8.009665,4,6,normalized time-series kmeans (4g)
MPT232,B1,Amarante,ERICSSON,41.238987,-8.093917,10,1,normalized time-series kmeans (4g)
MPT234,B1,Amarante,ERICSSON,41.317297,-8.145617,10,1,normalized time-series kmeans (4g)
MPT245,B1,Amarante,ERICSSON,41.33957,-8.157505,1,12,normalized time-series kmeans (4g)
MPT237,B1,Amarante,ERICSSON,41.297404,-8.189902,4,6,normalized time-series kmeans (4g)
MPT244,B1,Amarante,ERICSSON,41.261562,-8.041988,4,6,normalized time-series kmeans (4g)
MPT240,B1,Amarante,ERICSSON,41.289645,-8.130178,10,1,normalized time-series kmeans (4g)
MPT241,B1,Amarante,ERICSSON,41.263374,-8.07516,12,8,normalized time-series kmeans (4g)
MPT235,B1,Amarante,ERICSSON,41.271901,-8.080424,12,8,normalized time-series kmeans (4g)
MPT238,B1,Amarante,ERICSSON,41.267179,-8.100702,10,1,normalized time-series kmeans (4g)
MPT187,B1,Arcozelo,ERICSSON,41.049259,-8.653446,1,12,normalized time-series kmeans (4g)
MPT183,B1,Arcozelo,ERICSSON,41.04509,-8.61325,1,12,normalized time-series kmeans (4g)
MPT177,B1,Arcozelo,ERICSSON,41.064069,-8.618459,7,4,normalized time-series kmeans (4g)
MPT186,B1,Arcozelo,ERICSSON,41.068809,-8.638428,7,4,normalized time-series kmeans (4g)
MPT188,B1,Arcozelo,ERICSSON,41.040823,-8.647825,1,12,normalized time-series kmeans (4g)
MPT494,B1,Arcozelo,ERICSSON,41.062592,-8.59851,9,9,normalized time-series kmeans (4g)
MPT180,B1,Arcozelo,ERICSSON,41.05202,-8.627739,7,4,normalized time-series kmeans (4g)
MPT175,B1,Arcozelo,ERICSSON,41.028656,-8.617533,2,14,normalized time-series kmeans (4g)
MPT179,B1,Arcozelo,ERICSSON,41.074504,-8.619565,7,4,normalized time-series kmeans (4g)
MPT182,B1,Arcozelo,ERICSSON,41.082661,-8.60491,8,13,normalized time-series kmeans (4g)
MBR138,B1,Barcelos,ERICSSON,41.5613,-8.65797,9,9,normalized time-series kmeans (4g)
MBR092,B1,Barcelos,ERICSSON,41.559104,-8.604097,0,7,normalized time-series kmeans (4g)
MBR168,B1,Barcelos,ERICSSON,41.530358,-8.637764,0,7,normalized time-series kmeans (4g)
MBR099,B1,Barcelos,ERICSSON,41.522948,-8.619742,5,5,normalized time-series kmeans (4g)
MBR081,B1,Barcelos,ERICSSON,41.535917,-8.612356,6,0,normalized time-series kmeans (4g)
MBR083,B1,Barcelos,ERICSSON,41.532804,-8.623161,5,5,normalized time-series kmeans (4g)
MBR084,B1,Barcelos,ERICSSON,41.582365,-8.594765,9,9,normalized time-series kmeans (4g)
MBR082,B1,Barcelos,ERICSSON,41.557779,-8.57837,12,8,normalized time-series kmeans (4g)
MBR085,B1,Barcelos,ERICSSON,41.577194,-8.62096,7,4,normalized time-series kmeans (4g)
MBR091,B1,Barcelos,ERICSSON,41.541669,-8.618194,5,5,normalized time-series kmeans (4g)
MPT400,B1,Boavista,ERICSSON,41.159924,-8.624363,11,2,normalized time-series kmeans (4g)
MPT402,B1,Boavista,ERICSSON,41.157045,-8.62848,7,4,normalized time-series kmeans (4g)
MPT389,B1,Boavista,ERICSSON,41.148968,-8.634925,6,0,normalized time-series kmeans (4g)
MPT398,B1,Boavista,ERICSSON,41.15301,-8.636845,11,2,normalized time-series kmeans (4g)
MPT390,B1,Boavista,ERICSSON,41.158901,-8.62835,11,2,normalized time-series kmeans (4g)
MPT401,B1,Boavista,ERICSSON,41.156305,-8.619784,11,2,normalized time-series kmeans (4g)
MPT403,B1,Boavista,ERICSSON,41.153141,-8.632888,11,2,normalized time-series kmeans (4g)
MPT404,B1,Boavista,ERICSSON,41.1493,-8.625985,7,4,normalized time-series kmeans (4g)
MPT405,B1,Boavista,ERICSSON,41.159037,-8.620566,0,7,normalized time-series kmeans (4g)
MPT391,B1,Boavista,ERICSSON,41.15366,-8.62074,11,2,normalized time-series kmeans (4g)
MBR145,B1,Fradelos,ERICSSON,41.565676,-8.452738,1,12,normalized time-series kmeans (4g)
MBR146,B1,Fradelos,ERICSSON,41.519445,-8.457168,8,13,normalized time-series kmeans (4g)
MBR100,B1,Fradelos,ERICSSON,41.478282,-8.435771,10,1,normalized time-series kmeans (4g)
MBR105,B1,Fradelos,ERICSSON,41.564715,-8.543161,1,12,normalized time-series kmeans (4g)
MBR106,B1,Fradelos,ERICSSON,41.498237,-8.503014,14,11,normalized time-series kmeans (4g)
MBR102,B1,Fradelos,ERICSSON,41.511269,-8.451171,0,7,normalized time-series kmeans (4g)
MBR103,B1,Fradelos,ERICSSON,41.571617,-8.472286,12,8,normalized time-series kmeans (4g)
MBR108,B1,Fradelos,ERICSSON,41.582038,-8.462496,9,9,normalized time-series kmeans (4g)
MBR107,B1,Fradelos,ERICSSON,41.53227,-8.483322,12,8,normalized time-series kmeans (4g)
MBR101,B1,Fradelos,ERICSSON,41.48835,-8.465511,12,8,normalized time-series kmeans (4g)
MPT046,B1,Gondomar,ERICSSON,41.119125,-8.511066,14,11,normalized time-series kmeans (4g)
MPT419,B1,Gondomar,ERICSSON,41.1126,-8.512879,13,10,normalized time-series kmeans (4g)
MPT048,B1,Gondomar,ERICSSON,41.125985,-8.538379,7,4,normalized time-series kmeans (4g)
MPT040,B1,Gondomar,ERICSSON,41.131321,-8.562301,7,4,normalized time-series kmeans (4g)
MPT038,B1,Gondomar,ERICSSON,41.153174,-8.530275,14,11,normalized time-series kmeans (4g)
MPT045,B1,Gondomar,ERICSSON,41.136954,-8.566626,8,13,normalized time-series kmeans (4g)
MPT044,B1,Gondomar,ERICSSON,41.141204,-8.556553,14,11,normalized time-series kmeans (4g)
MPT049,B1,Gondomar,ERICSSON,41.144423,-8.538059,8,13,normalized time-series kmeans (4g)
MPT047,B1,Gondomar,ERICSSON,41.132424,-8.549307,1,12,normalized time-series kmeans (4g)
MPT043,B1,Gondomar,ERICSSON,41.137899,-8.488563,4,6,normalized time-series kmeans (4g)
MPT039,B1,Gondomar,ERICSSON,41.140316,-8.528117,6,0,normalized time-series kmeans (4g)
MPT041,B1,Gondomar,ERICSSON,41.104819,-8.509543,14,11,normalized time-series kmeans (4g)
MPT042,B1,Gondomar,ERICSSON,41.148608,-8.516152,1,12,normalized time-series kmeans (4g)
MPT184,B1,Madalena,ERICSSON,41.09,-8.620119,7,4,normalized time-series kmeans (4g)
MPT181,B1,Madalena,ERICSSON,41.110554,-8.650883,1,12,normalized time-series kmeans (4g)
MPT193,B1,Madalena,ERICSSON,41.108207,-8.637363,6,0,normalized time-series kmeans (4g)
MPT194,B1,Madalena,ERICSSON,41.0997,-8.628101,6,0,normalized time-series kmeans (4g)
MPT191,B1,Madalena,ERICSSON,41.108044,-8.607307,3,3,normalized time-series kmeans (4g)
MPT185,B1,Madalena,ERICSSON,41.113067,-8.625167,6,0,normalized time-series kmeans (4g)
MPT192,B1,Madalena,ERICSSON,41.117792,-8.610286,13,10,normalized time-series kmeans (4g)
MPT190,B1,Madalena,ERICSSON,41.114499,-8.606006,6,0,normalized time-series kmeans (4g)
MPT189,B1,Madalena,ERICSSON,41.118906,-8.622763,7,4,normalized time-series kmeans (4g)
MPT176,B1,Madalena,ERICSSON,41.096664,-8.60897,7,4,normalized time-series kmeans (4g)
MPT178,B1,Madalena,ERICSSON,41.092226,-8.649051,13,10,normalized time-series kmeans (4g)
MAV138,B1,Mealhada,ERICSSON,40.32891,-8.417629,13,10,normalized time-series kmeans (4g)
MAV143,B1,Mealhada,ERICSSON,40.319304,-8.452115,14,11,normalized time-series kmeans (4g)
MAV188,B1,Mealhada,ERICSSON,40.419452,-8.450146,1,12,normalized time-series kmeans (4g)
MAV124,B1,Mealhada,ERICSSON,40.381181,-8.356556,8,13,normalized time-series kmeans (4g)
MAV141,B1,Mealhada,ERICSSON,40.303144,-8.480016,8,13,normalized time-series kmeans (4g)
MAV137,B1,Mealhada,ERICSSON,40.384731,-8.378578,9,9,normalized time-series kmeans (4g)
MAV130,B1,Mealhada,ERICSSON,40.437859,-8.442098,10,1,normalized time-series kmeans (4g)
MAV144,B1,Mealhada,ERICSSON,40.39043,-8.448299,13,10,normalized time-series kmeans (4g)
MPT117,B1,Penafiel,ERICSSON,41.16702,-8.30747,8,13,normalized time-series kmeans (4g)
MPT118,B1,Penafiel,ERICSSON,41.196273,-8.354769,12,8,normalized time-series kmeans (4g)
MPT119,B1,Penafiel,ERICSSON,41.187354,-8.267132,1,12,normalized time-series kmeans (4g)
MPT123,B1,Penafiel,ERICSSON,41.197457,-8.293948,13,10,normalized time-series kmeans (4g)
MPT116,B1,Penafiel,ERICSSON,41.173966,-8.353974,1,12,normalized time-series kmeans (4g)
MPT122,B1,Penafiel,ERICSSON,41.20245,-8.329173,7,4,normalized time-series kmeans (4g)
MPT112,B1,Penafiel,ERICSSON,41.208754,-8.276781,7,4,normalized time-series kmeans (4g)
MPT114,B1,Penafiel,ERICSSON,41.206204,-8.335003,0,7,normalized time-series kmeans (4g)
MPT121,B1,Penafiel,ERICSSON,41.205193,-8.28641,0,7,normalized time-series kmeans (4g)
MPT113,B1,Penafiel,ERICSSON,41.192247,-8.315802,12,8,normalized time-series kmeans (4g)
MCO015,B1,Alqueidao,ERICSSON,40.103851,-8.743797,8,13,normalized time-series kmeans (4g)
MCO128,B1,Alqueidao,ERICSSON,40.040835,-8.761848,2,14,normalized time-series kmeans (4g)
MLR002,B1,Alqueidao,ERICSSON,39.987406,-8.795453,12,8,normalized time-series kmeans (4g)
MCO011,B1,Alqueidao,ERICSSON,40.090115,-8.841258,12,8,normalized time-series kmeans (4g)
MCO014,B1,Alqueidao,ERICSSON,40.056145,-8.803759,8,13,normalized time-series kmeans (4g)
MCO012,B1,Alqueidao,ERICSSON,40.023359,-8.820154,8,13,normalized time-series kmeans (4g)
MCO017,B1,Alqueidao,ERICSSON,40.11942,-8.85262,9,9,normalized time-series kmeans (4g)
MLR001,B1,Alqueidao,ERICSSON,40.006917,-8.76048,12,8,normalized time-series kmeans (4g)
MPT097,B1,Carvalhos,ERICSSON,41.056553,-8.516611,9,9,normalized time-series kmeans (4g)
MPT458,B1,Carvalhos,ERICSSON,41.045413,-8.566805,0,7,normalized time-series kmeans (4g)
MPT092,B1,Carvalhos,ERICSSON,41.076375,-8.582331,0,7,normalized time-series kmeans (4g)
MPT099,B1,Carvalhos,ERICSSON,41.084232,-8.582936,12,8,normalized time-series kmeans (4g)
MPT110,B1,Carvalhos,ERICSSON,41.050546,-8.545785,8,13,normalized time-series kmeans (4g)
MPT111,B1,Carvalhos,ERICSSON,41.063951,-8.56952,0,7,normalized time-series kmeans (4g)
MPT098,B1,Carvalhos,ERICSSON,41.04124,-8.521031,8,13,normalized time-series kmeans (4g)
MPT095,B1,Carvalhos,ERICSSON,41.05346,-8.575455,7,4,normalized time-series kmeans (4g)
MPT093,B1,Carvalhos,ERICSSON,41.075015,-8.546747,9,9,normalized time-series kmeans (4g)
MPT100,B1,Carvalhos,ERICSSON,41.089368,-8.533849,9,9,normalized time-series kmeans (4g)
MPT094,B1,Carvalhos,ERICSSON,41.068553,-8.523546,10,1,normalized time-series kmeans (4g)
MPT061,B1,Ermesinde,ERICSSON,41.253837,-8.567464,8,13,normalized time-series kmeans (4g)
MPT055,B1,Ermesinde,ERICSSON,41.216013,-8.57456,2,14,normalized time-series kmeans (4g)
MPT070,B1,Ermesinde,ERICSSON,41.209757,-8.575734,9,9,normalized time-series kmeans (4g)
MPT069,B1,Ermesinde,ERICSSON,41.228225,-8.581294,13,10,normalized time-series kmeans (4g)
MPT068,B1,Ermesinde,ERICSSON,41.21044,-8.56565,12,8,normalized time-series kmeans (4g)
MPT065,B1,Ermesinde,ERICSSON,41.250447,-8.5989,12,8,normalized time-series kmeans (4g)
MPT052,B1,Ermesinde,ERICSSON,41.228663,-8.568083,7,4,normalized time-series kmeans (4g)
MPT053,B1,Ermesinde,ERICSSON,41.240444,-8.54915,7,4,normalized time-series kmeans (4g)
MPT059,B1,Ermesinde,ERICSSON,41.230478,-8.54373,7,4,normalized time-series kmeans (4g)
MPT054,B1,Ermesinde,ERICSSON,41.210686,-8.554484,6,0,normalized time-series kmeans (4g)
MPT051,B1,Ermesinde,ERICSSON,41.217927,-8.549699,0,7,normalized time-series kmeans (4g)
MAV067,B1,Estarreja,ERICSSON,40.809819,-8.568795,14,11,normalized time-series kmeans (4g)
MAV071,B1,Estarreja,ERICSSON,40.750727,-8.607533,1,12,normalized time-series kmeans (4g)
MAV069,B1,Estarreja,ERICSSON,40.803465,-8.547843,7,4,normalized time-series kmeans (4g)
MAV070,B1,Estarreja,ERICSSON,40.718755,-8.707062,8,13,normalized time-series kmeans (4g)
MAV065,B1,Estarreja,ERICSSON,40.771427,-8.543473,10,1,normalized time-series kmeans (4g)
MAV060,B1,Estarreja,ERICSSON,40.763699,-8.703994,10,1,normalized time-series kmeans (4g)
MAV054,B1,Estarreja,ERICSSON,40.752075,-8.571242,8,13,normalized time-series kmeans (4g)
MAV072,B1,Estarreja,ERICSSON,40.782395,-8.575432,13,10,normalized time-series kmeans (4g)
MAV062,B1,Estarreja,ERICSSON,40.749879,-8.646167,4,6,normalized time-series kmeans (4g)
MBR048,B1,Famalicao,ERICSSON,41.434698,-8.477061,1,12,normalized time-series kmeans (4g)
MBR042,B1,Famalicao,ERICSSON,41.450326,-8.449195,13,10,normalized time-series kmeans (4g)
MBR038,B1,Famalicao,ERICSSON,41.396865,-8.538992,7,4,normalized time-series kmeans (4g)
MBR043,B1,Famalicao,ERICSSON,41.402513,-8.448976,8,13,normalized time-series kmeans (4g)
MBR037,B1,Famalicao,ERICSSON,41.379746,-8.533277,7,4,normalized time-series kmeans (4g)
MBR039,B1,Famalicao,ERICSSON,41.378731,-8.495506,0,7,normalized time-series kmeans (4g)
MBR046,B1,Famalicao,ERICSSON,41.404615,-8.526387,11,2,normalized time-series kmeans (4g)
MBR164,B1,Famalicao,ERICSSON,41.410089,-8.518118,11,2,normalized time-series kmeans (4g)
MBR036,B1,Famalicao,ERICSSON,41.440046,-8.49794,8,13,normalized time-series kmeans (4g)
MBR171,B1,Guimaraes,ERICSSON,41.472251,-8.26346,1,12,normalized time-series kmeans (4g)
MBR021,B1,Guimaraes,ERICSSON,41.454736,-8.299545,3,3,normalized time-series kmeans (4g)
MBR020,B1,Guimaraes,ERICSSON,41.448636,-8.284587,7,4,normalized time-series kmeans (4g)
MBR016,B1,Guimaraes,ERICSSON,41.470926,-8.281144,12,8,normalized time-series kmeans (4g)
MBR018,B1,Guimaraes,ERICSSON,41.448754,-8.294869,9,9,normalized time-series kmeans (4g)
MBR023,B1,Guimaraes,ERICSSON,41.445173,-8.262466,10,1,normalized time-series kmeans (4g)
MBR015,B1,Guimaraes,ERICSSON,41.452428,-8.320859,7,4,normalized time-series kmeans (4g)
MBR019,B1,Guimaraes,ERICSSON,41.443687,-8.297667,7,4,normalized time-series kmeans (4g)
MBR012,B1,Guimaraes,ERICSSON,41.446991,-8.268577,0,7,normalized time-series kmeans (4g)
MBR013,B1,Guimaraes,ERICSSON,41.436165,-8.296192,7,4,normalized time-series kmeans (4g)
MBR017,B1,Guimaraes,ERICSSON,41.42049,-8.306138,7,4,normalized time-series kmeans (4g)
MBR014,B1,Guimaraes,ERICSSON,41.458932,-8.269616,8,13,normalized time-series kmeans (4g)
MPT138,B1,Rebordosa,ERICSSON,41.272078,-8.462766,8,13,normalized time-series kmeans (4g)
MPT453,B1,Rebordosa,ERICSSON,41.236994,-8.514746,2,14,normalized time-series kmeans (4g)
MPT142,B1,Rebordosa,ERICSSON,41.263401,-8.487883,8,13,normalized time-series kmeans (4g)
MPT143,B1,Rebordosa,ERICSSON,41.27362,-8.53352,14,11,normalized time-series kmeans (4g)
MPT133,B1,Rebordosa,ERICSSON,41.279716,-8.496687,1,12,normalized time-series kmeans (4g)
MPT135,B1,Rebordosa,ERICSSON,41.230591,-8.399498,7,4,normalized time-series kmeans (4g)
MPT136,B1,Rebordosa,ERICSSON,41.245547,-8.525676,13,10,normalized time-series kmeans (4g)
MPT145,B1,Rebordosa,ERICSSON,41.213795,-8.462015,12,8,normalized time-series kmeans (4g)
MPT147,B1,Rebordosa,ERICSSON,41.217488,-8.4141,14,11,normalized time-series kmeans (4g)
MPT141,B1,Rebordosa,ERICSSON,41.232567,-8.393144,8,13,normalized time-series kmeans (4g)
MPT027,B1,Rio Tinto,ERICSSON,41.156654,-8.549213,7,4,normalized time-series kmeans (4g)
MPT035,B1,Rio Tinto,ERICSSON,41.16237,-8.552618,1,12,normalized time-series kmeans (4g)
MPT034,B1,Rio Tinto,ERICSSON,41.170332,-8.552493,7,4,normalized time-series kmeans (4g)
MPT033,B1,Rio Tinto,ERICSSON,41.166524,-8.518226,7,4,normalized time-series kmeans (4g)
MPT029,B1,Rio Tinto,ERICSSON,41.167788,-8.535559,7,4,normalized time-series kmeans (4g)
MPT502,B1,Rio Tinto,ERICSSON,41.164639,-8.51054,8,13,normalized time-series kmeans (4g)
MPT030,B1,Rio Tinto,ERICSSON,41.175303,-8.546309,6,0,normalized time-series kmeans (4g)
MPT032,B1,Rio Tinto,ERICSSON,41.153545,-8.562856,7,4,normalized time-series kmeans (4g)
MPT028,B1,Rio Tinto,ERICSSON,41.163744,-8.566759,7,4,normalized time-series kmeans (4g)
MAV020,B1,Aveiro Sul,ERICSSON,40.59293,-8.561849,8,13,normalized time-series kmeans (4g)
MAV016,B1,Aveiro Sul,ERICSSON,40.61534,-8.580514,8,13,normalized time-series kmeans (4g)
MAV012,B1,Aveiro Sul,ERICSSON,40.579192,-8.583702,14,11,normalized time-series kmeans (4g)
MAV018,B1,Aveiro Sul,ERICSSON,40.594144,-8.615149,1,12,normalized time-series kmeans (4g)
MAV011,B1,Aveiro Sul,ERICSSON,40.608494,-8.608509,9,9,normalized time-series kmeans (4g)
MAV015,B1,Aveiro Sul,ERICSSON,40.589093,-8.637326,8,13,normalized time-series kmeans (4g)
MAV013,B1,Aveiro Sul,ERICSSON,40.631233,-8.580553,1,12,normalized time-series kmeans (4g)
MAV017,B1,Aveiro Sul,ERICSSON,40.629284,-8.613389,1,12,normalized time-series kmeans (4g)
MAV014,B1,Aveiro Sul,ERICSSON,40.611701,-8.636045,7,4,normalized time-series kmeans (4g)
MBR060,B1,Braga Este,ERICSSON,41.536035,-8.41549,1,12,normalized time-series kmeans (4g)
MBR062,B1,Braga Este,ERICSSON,41.533061,-8.406454,9,9,normalized time-series kmeans (4g)
MBR076,B1,Braga Este,ERICSSON,41.560063,-8.404336,3,3,normalized time-series kmeans (4g)
MBR071,B1,Braga Este,ERICSSON,41.529292,-8.421496,9,9,normalized time-series kmeans (4g)
MBR061,B1,Braga Este,ERICSSON,41.550043,-8.405399,6,0,normalized time-series kmeans (4g)
MBR161,B1,Braga Este,ERICSSON,41.542094,-8.410534,7,4,normalized time-series kmeans (4g)
MBR077,B1,Braga Este,ERICSSON,41.543479,-8.41824,12,8,normalized time-series kmeans (4g)
MAV066,B1,Cantanhede,ERICSSON,40.418423,-8.496055,12,8,normalized time-series kmeans (4g)
MCO091,B1,Cantanhede,ERICSSON,40.321696,-8.666091,10,1,normalized time-series kmeans (4g)
MCO088,B1,Cantanhede,ERICSSON,40.272213,-8.60448,14,11,normalized time-series kmeans (4g)
MCO090,B1,Cantanhede,ERICSSON,40.344296,-8.49596,9,9,normalized time-series kmeans (4g)
MCO086,B1,Cantanhede,ERICSSON,40.397422,-8.584235,4,6,normalized time-series kmeans (4g)
MCO087,B1,Cantanhede,ERICSSON,40.279226,-8.646656,8,13,normalized time-series kmeans (4g)
MCO109,B1,Cantanhede,ERICSSON,40.336834,-8.53649,14,11,normalized time-series kmeans (4g)
MCO108,B1,Cantanhede,ERICSSON,40.42915,-8.596515,8,13,normalized time-series kmeans (4g)
MCO085,B1,Cantanhede,ERICSSON,40.356164,-8.533155,2,14,normalized time-series kmeans (4g)
MAV190,B1,Cantanhede,ERICSSON,40.423386,-8.533151,1,12,normalized time-series kmeans (4g)
MCO084,B1,Cantanhede,ERICSSON,40.329503,-8.576741,10,1,normalized time-series kmeans (4g)
MCO083,B1,Cantanhede,ERICSSON,40.356497,-8.587442,0,7,normalized time-series kmeans (4g)
MPT008,B1,Matosinhos,ERICSSON,41.181985,-8.686465,8,13,normalized time-series kmeans (4g)
MPT010,B1,Matosinhos,ERICSSON,41.184758,-8.682362,0,7,normalized time-series kmeans (4g)
MPT005,B1,Matosinhos,ERICSSON,41.191894,-8.696447,7,4,normalized time-series kmeans (4g)
MPT009,B1,Matosinhos,ERICSSON,41.187825,-8.690611,7,4,normalized time-series kmeans (4g)
MPT007,B1,Matosinhos,ERICSSON,41.180874,-8.669159,13,10,normalized time-series kmeans (4g)
MPT011,B1,Matosinhos,ERICSSON,41.182824,-8.69358,0,7,normalized time-series kmeans (4g)
MPT476,B1,Matosinhos,ERICSSON,41.188796,-8.703675,14,11,normalized time-series kmeans (4g)
MPT012,B1,Matosinhos,ERICSSON,41.177728,-8.677675,7,4,normalized time-series kmeans (4g)
MPT003,B1,Matosinhos,ERICSSON,41.194418,-8.700836,11,2,normalized time-series kmeans (4g)
MPT006,B1,Matosinhos,ERICSSON,41.189203,-8.674483,8,13,normalized time-series kmeans (4g)
MPT001,B1,Matosinhos,ERICSSON,41.174077,-8.686777,14,11,normalized time-series kmeans (4g)
MPT002,B1,Matosinhos,ERICSSON,41.180366,-8.690372,5,5,normalized time-series kmeans (4g)
MBR118,B1,Vila Verde,ERICSSON,41.607648,-8.501095,14,11,normalized time-series kmeans (4g)
MBR113,B1,Vila Verde,ERICSSON,41.602629,-8.55295,4,6,normalized time-series kmeans (4g)
MBR120,B1,Vila Verde,ERICSSON,41.667607,-8.438265,10,1,normalized time-series kmeans (4g)
MBR112,B1,Vila Verde,ERICSSON,41.652111,-8.430137,10,1,normalized time-series kmeans (4g)
MBR117,B1,Vila Verde,ERICSSON,41.672124,-8.507973,4,6,normalized time-series kmeans (4g)
MBR115,B1,Vila Verde,ERICSSON,41.659596,-8.391625,10,1,normalized time-series kmeans (4g)
MBR114,B1,Vila Verde,ERICSSON,41.627117,-8.46792,1,12,normalized time-series kmeans (4g)
MBR090,B1,Braga Oeste,ERICSSON,41.551144,-8.425342,5,5,normalized time-series kmeans (4g)
MBR096,B1,Braga Oeste,ERICSSON,41.555012,-8.42146,13,10,normalized time-series kmeans (4g)
MBR079,B1,Braga Oeste,ERICSSON,41.559828,-8.420084,5,5,normalized time-series kmeans (4g)
MBR080,B1,Braga Oeste,ERICSSON,41.549274,-8.433296,13,10,normalized time-series kmeans (4g)
MBR089,B1,Braga Oeste,ERICSSON,41.537766,-8.433948,7,4,normalized time-series kmeans (4g)
MBR087,B1,Braga Oeste,ERICSSON,41.527981,-8.448117,9,9,normalized time-series kmeans (4g)
MBR088,B1,Braga Oeste,ERICSSON,41.54234,-8.428165,0,7,normalized time-series kmeans (4g)
MBR086,B1,Braga Oeste,ERICSSON,41.55552,-8.435963,5,5,normalized time-series kmeans (4g)
MBR095,B1,Braga Oeste,ERICSSON,41.547918,-8.42326,11,2,normalized time-series kmeans (4g)
MPT151,B1,Santo Tirso,ERICSSON,41.322898,-8.469751,2,14,normalized time-series kmeans (4g)
MPT487,B1,Santo Tirso,ERICSSON,41.32435,-8.442958,1,12,normalized time-series kmeans (4g)
MPT139,B1,Santo Tirso,ERICSSON,41.309574,-8.470056,2,14,normalized time-series kmeans (4g)
MPT146,B1,Santo Tirso,ERICSSON,41.316892,-8.51167,8,13,normalized time-series kmeans (4g)
MPT149,B1,Santo Tirso,ERICSSON,41.310478,-8.411042,9,9,normalized time-series kmeans (4g)
MPT144,B1,Santo Tirso,ERICSSON,41.337901,-8.493658,7,4,normalized time-series kmeans (4g)
MPT148,B1,Santo Tirso,ERICSSON,41.34709,-8.481753,1,12,normalized time-series kmeans (4g)
MPT134,B1,Santo Tirso,ERICSSON,41.346871,-8.417221,7,4,normalized time-series kmeans (4g)
MPT137,B1,Santo Tirso,ERICSSON,41.33994,-8.474244,0,7,normalized time-series kmeans (4g)
MPT140,B1,Santo Tirso,ERICSSON,41.352322,-8.366391,7,4,normalized time-series kmeans (4g)
MLR062,B1,Agua Formosa,ERICSSON,39.878244,-8.821419,8,13,normalized time-series kmeans (4g)
MLR036,B1,Agua Formosa,ERICSSON,39.945136,-8.787513,2,14,normalized time-series kmeans (4g)
MLR039,B1,Agua Formosa,ERICSSON,39.921868,-8.95156,4,6,normalized time-series kmeans (4g)
MLR068,B1,Agua Formosa,ERICSSON,39.89978,-8.879466,8,13,normalized time-series kmeans (4g)
MLR034,B1,Agua Formosa,ERICSSON,39.953266,-8.740602,13,10,normalized time-series kmeans (4g)
MLR033,B1,Agua Formosa,ERICSSON,39.890082,-8.781269,2,14,normalized time-series kmeans (4g)
MLR040,B1,Agua Formosa,ERICSSON,39.926457,-8.780927,1,12,normalized time-series kmeans (4g)
MLR041,B1,Agua Formosa,ERICSSON,39.947254,-8.776927,8,13,normalized time-series kmeans (4g)
MLR037,B1,Agua Formosa,ERICSSON,39.895986,-8.830571,1,12,normalized time-series kmeans (4g)
MLR038,B1,Agua Formosa,ERICSSON,39.973065,-8.701169,8,13,normalized time-series kmeans (4g)
MLR032,B1,Agua Formosa,ERICSSON,39.927928,-8.883552,1,12,normalized time-series kmeans (4g)
MLR035,B1,Agua Formosa,ERICSSON,39.906456,-8.802222,2,14,normalized time-series kmeans (4g)
MAV027,B1,Aveiro Norte,ERICSSON,40.648276,-8.630228,6,0,normalized time-series kmeans (4g)
MAV028,B1,Aveiro Norte,ERICSSON,40.636947,-8.65192,5,5,normalized time-series kmeans (4g)
MAV025,B1,Aveiro Norte,ERICSSON,40.645531,-8.642756,6,0,normalized time-series kmeans (4g)
MAV030,B1,Aveiro Norte,ERICSSON,40.635913,-8.643789,7,4,normalized time-series kmeans (4g)
MAV022,B1,Aveiro Norte,ERICSSON,40.665921,-8.607712,0,7,normalized time-series kmeans (4g)
MAV021,B1,Aveiro Norte,ERICSSON,40.642978,-8.651606,11,2,normalized time-series kmeans (4g)
MAV026,B1,Aveiro Norte,ERICSSON,40.653762,-8.616536,12,8,normalized time-series kmeans (4g)
MAV024,B1,Aveiro Norte,ERICSSON,40.673735,-8.598058,1,12,normalized time-series kmeans (4g)
MAV023,B1,Aveiro Norte,ERICSSON,40.630027,-8.652631,7,4,normalized time-series kmeans (4g)
MPT346,B1,Campo Alegre,ERICSSON,41.153501,-8.64994,6,0,normalized time-series kmeans (4g)
MPT358,B1,Campo Alegre,ERICSSON,41.163545,-8.638682,11,2,normalized time-series kmeans (4g)
MPT356,B1,Campo Alegre,ERICSSON,41.148524,-8.657581,0,7,normalized time-series kmeans (4g)
MPT340,B1,Campo Alegre,ERICSSON,41.149437,-8.649604,12,8,normalized time-series kmeans (4g)
MPT357,B1,Campo Alegre,ERICSSON,41.159338,-8.6383,8,13,normalized time-series kmeans (4g)
MPT355,B1,Campo Alegre,ERICSSON,41.170654,-8.647715,2,14,normalized time-series kmeans (4g)
MPT350,B1,Campo Alegre,ERICSSON,41.171147,-8.638307,5,5,normalized time-series kmeans (4g)
MPT345,B1,Campo Alegre,ERICSSON,41.158861,-8.650055,11,2,normalized time-series kmeans (4g)
MPT347,B1,Campo Alegre,ERICSSON,41.154177,-8.64418,0,7,normalized time-series kmeans (4g)
MPT359,B1,Campo Alegre,ERICSSON,41.161366,-8.656525,5,5,normalized time-series kmeans (4g)
MPT360,B1,Campo Alegre,ERICSSON,41.16501,-8.648997,0,7,normalized time-series kmeans (4g)
MCO055,B1,Coimbra Este,ERICSSON,40.210189,-8.390009,8,13,normalized time-series kmeans (4g)
MCO051,B1,Coimbra Este,ERICSSON,40.211016,-8.410402,0,7,normalized time-series kmeans (4g)
MCO052,B1,Coimbra Este,ERICSSON,40.196641,-8.402502,3,3,normalized time-series kmeans (4g)
MCO053,B1,Coimbra Este,ERICSSON,40.205451,-8.403882,5,5,normalized time-series kmeans (4g)
MCO057,B1,Coimbra Este,ERICSSON,40.223591,-8.435363,0,7,normalized time-series kmeans (4g)
MCO056,B1,Coimbra Este,ERICSSON,40.217347,-8.420595,9,9,normalized time-series kmeans (4g)
MCO059,B1,Coimbra Este,ERICSSON,40.213803,-8.414691,5,5,normalized time-series kmeans (4g)
MPT317,B1,Porto Centro,ERICSSON,41.154808,-8.613786,13,10,normalized time-series kmeans (4g)
MPT311,B1,Porto Centro,ERICSSON,41.153971,-8.611371,11,2,normalized time-series kmeans (4g)
MPT305,B1,Porto Centro,ERICSSON,41.160454,-8.610403,8,13,normalized time-series kmeans (4g)
MPT306,B1,Porto Centro,ERICSSON,41.161746,-8.603673,11,2,normalized time-series kmeans (4g)
MPT312,B1,Porto Centro,ERICSSON,41.153385,-8.605714,11,2,normalized time-series kmeans (4g)
MPT300,B1,Porto Centro,ERICSSON,41.157038,-8.601937,11,2,normalized time-series kmeans (4g)
MPT302,B1,Porto Centro,ERICSSON,41.150397,-8.591109,6,0,normalized time-series kmeans (4g)
MPT314,B1,Porto Centro,ERICSSON,41.157298,-8.609564,12,8,normalized time-series kmeans (4g)
MPT313,B1,Porto Centro,ERICSSON,41.153021,-8.599471,11,2,normalized time-series kmeans (4g)
MPT315,B1,Porto Centro,ERICSSON,41.151687,-8.615159,6,0,normalized time-series kmeans (4g)
MLR024,B1,Caranguejeira,ERICSSON,39.832481,-8.721365,1,12,normalized time-series kmeans (4g)
MLR065,B1,Caranguejeira,ERICSSON,39.801231,-8.753145,8,13,normalized time-series kmeans (4g)
MLR027,B1,Caranguejeira,ERICSSON,39.698001,-8.781567,12,8,normalized time-series kmeans (4g)
MLR026,B1,Caranguejeira,ERICSSON,39.76172,-8.746401,1,12,normalized time-series kmeans (4g)
MLR025,B1,Caranguejeira,ERICSSON,39.787558,-8.749144,2,14,normalized time-series kmeans (4g)
MLR028,B1,Caranguejeira,ERICSSON,39.838714,-8.747182,14,11,normalized time-series kmeans (4g)
MLR030,B1,Caranguejeira,ERICSSON,39.796316,-8.72929,1,12,normalized time-series kmeans (4g)
MLR022,B1,Caranguejeira,ERICSSON,39.740877,-8.717708,8,13,normalized time-series kmeans (4g)
MLR014,B1,Leiria Centro,ERICSSON,39.734471,-8.784964,8,13,normalized time-series kmeans (4g)
MLR012,B1,Leiria Centro,ERICSSON,39.764435,-8.803726,6,0,normalized time-series kmeans (4g)
MLR018,B1,Leiria Centro,ERICSSON,39.741488,-8.804538,13,10,normalized time-series kmeans (4g)
MLR020,B1,Leiria Centro,ERICSSON,39.748733,-8.804693,13,10,normalized time-series kmeans (4g)
MLR021,B1,Leiria Centro,ERICSSON,39.736763,-8.772738,13,10,normalized time-series kmeans (4g)
MLR017,B1,Leiria Centro,ERICSSON,39.759588,-8.788073,13,10,normalized time-series kmeans (4g)
MLR015,B1,Leiria Centro,ERICSSON,39.739588,-8.810262,11,2,normalized time-series kmeans (4g)
MLR019,B1,Leiria Centro,ERICSSON,39.756841,-8.804647,13,10,normalized time-series kmeans (4g)
MLR013,B1,Leiria Centro,ERICSSON,39.748521,-8.791959,8,13,normalized time-series kmeans (4g)
MPT326,B1,Porto Ribeira,ERICSSON,41.148251,-8.614039,9,9,normalized time-series kmeans (4g)
MPT337,B1,Porto Ribeira,ERICSSON,41.147441,-8.619608,5,5,normalized time-series kmeans (4g)
MPT329,B1,Porto Ribeira,ERICSSON,41.144761,-8.610139,13,10,normalized time-series kmeans (4g)
MPT484,B1,Porto Ribeira,ERICSSON,41.146056,-8.594879,0,7,normalized time-series kmeans (4g)
MPT320,B1,Porto Ribeira,ERICSSON,41.147416,-8.609289,11,2,normalized time-series kmeans (4g)
MPT328,B1,Porto Ribeira,ERICSSON,41.147526,-8.601935,6,0,normalized time-series kmeans (4g)
MPT321,B1,Porto Ribeira,ERICSSON,41.14417,-8.605721,6,0,normalized time-series kmeans (4g)
MPT327,B1,Porto Ribeira,ERICSSON,41.142598,-8.615085,7,4,normalized time-series kmeans (4g)
MPT332,B1,Porto Ribeira,ERICSSON,41.14696,-8.615822,11,2,normalized time-series kmeans (4g)
MCO102,B1,Praia de Mira,ERICSSON,40.393396,-8.655722,8,13,normalized time-series kmeans (4g)
MCO101,B1,Praia de Mira,ERICSSON,40.397762,-8.706711,14,11,normalized time-series kmeans (4g)
MCO106,B1,Praia de Mira,ERICSSON,40.318246,-8.719544,1,12,normalized time-series kmeans (4g)
MCO104,B1,Praia de Mira,ERICSSON,40.356527,-8.710234,2,14,normalized time-series kmeans (4g)
MCO094,B1,Praia de Mira,ERICSSON,40.425891,-8.801474,2,14,normalized time-series kmeans (4g)
MCO124,B1,Praia de Mira,ERICSSON,40.294198,-8.711626,1,12,normalized time-series kmeans (4g)
MCO098,B1,Praia de Mira,ERICSSON,40.389902,-8.738781,14,11,normalized time-series kmeans (4g)
MCO096,B1,Praia de Mira,ERICSSON,40.433077,-8.72897,14,11,normalized time-series kmeans (4g)
MCO099,B1,Praia de Mira,ERICSSON,40.453796,-8.778961,4,6,normalized time-series kmeans (4g)
MCO130,B1,Praia de Mira,ERICSSON,40.437351,-8.788284,14,11,normalized time-series kmeans (4g)
MCO100,B1,Praia de Mira,ERICSSON,40.412576,-8.638028,4,6,normalized time-series kmeans (4g)
MCO044,B1,Coimbra Centro,ERICSSON,40.202418,-8.413367,5,5,normalized time-series kmeans (4g)
MCO131,B1,Coimbra Centro,ERICSSON,40.20022,-8.432056,5,5,normalized time-series kmeans (4g)
MCO043,B1,Coimbra Centro,ERICSSON,40.1974,-8.411659,7,4,normalized time-series kmeans (4g)
MCO048,B1,Coimbra Centro,ERICSSON,40.210637,-8.421028,3,3,normalized time-series kmeans (4g)
MCO049,B1,Coimbra Centro,ERICSSON,40.206965,-8.416371,1,12,normalized time-series kmeans (4g)
MCO045,B1,Coimbra Centro,ERICSSON,40.209446,-8.431673,6,0,normalized time-series kmeans (4g)
MCO047,B1,Coimbra Centro,ERICSSON,40.213124,-8.432065,11,2,normalized time-series kmeans (4g)
MLR054,B1,Marinha Grande,ERICSSON,39.713282,-8.830004,13,10,normalized time-series kmeans (4g)
MLR066,B1,Marinha Grande,ERICSSON,39.731385,-8.851181,2,14,normalized time-series kmeans (4g)
MLR053,B1,Marinha Grande,ERICSSON,39.744735,-8.871372,12,8,normalized time-series kmeans (4g)
MLR057,B1,Marinha Grande,ERICSSON,39.756734,-8.924203,12,8,normalized time-series kmeans (4g)
MLR058,B1,Marinha Grande,ERICSSON,39.747888,-8.941668,12,8,normalized time-series kmeans (4g)
MLR052,B1,Marinha Grande,ERICSSON,39.730171,-8.916396,12,8,normalized time-series kmeans (4g)
MLR059,B1,Marinha Grande,ERICSSON,39.709954,-8.861392,10,1,normalized time-series kmeans (4g)
MLR055,B1,Marinha Grande,ERICSSON,39.745732,-8.930931,8,13,normalized time-series kmeans (4g)
MAV085,B1,Vale de Cambra,ERICSSON,40.845494,-8.412169,14,11,normalized time-series kmeans (4g)
MAV102,B1,Vale de Cambra,ERICSSON,40.854152,-8.370736,10,1,normalized time-series kmeans (4g)
MAV075,B1,Vale de Cambra,ERICSSON,40.89041,-8.408911,14,11,normalized time-series kmeans (4g)
MAV103,B1,Vale de Cambra,ERICSSON,40.86018,-8.39366,9,9,normalized time-series kmeans (4g)
MAV080,B1,Vale de Cambra,ERICSSON,40.880853,-8.443356,9,9,normalized time-series kmeans (4g)
MAV100,B1,Vale de Cambra,ERICSSON,40.911722,-8.430083,9,9,normalized time-series kmeans (4g)
MAV088,B1,Vale de Cambra,ERICSSON,40.842653,-8.377237,10,1,normalized time-series kmeans (4g)
MAV076,B1,Vale de Cambra,ERICSSON,40.847552,-8.402613,12,8,normalized time-series kmeans (4g)
MPT167,B1,Castelo da Maia,ERICSSON,41.290898,-8.669187,2,14,normalized time-series kmeans (4g)
MPT172,B1,Castelo da Maia,ERICSSON,41.250911,-8.650125,0,7,normalized time-series kmeans (4g)
MPT160,B1,Castelo da Maia,ERICSSON,41.268967,-8.612146,5,5,normalized time-series kmeans (4g)
MPT173,B1,Castelo da Maia,ERICSSON,41.286841,-8.562644,7,4,normalized time-series kmeans (4g)
MPT169,B1,Castelo da Maia,ERICSSON,41.258953,-8.615644,0,7,normalized time-series kmeans (4g)
MPT162,B1,Castelo da Maia,ERICSSON,41.247639,-8.664357,0,7,normalized time-series kmeans (4g)
MPT156,B1,Castelo da Maia,ERICSSON,41.272079,-8.577563,12,8,normalized time-series kmeans (4g)
MPT159,B1,Castelo da Maia,ERICSSON,41.260566,-8.637933,5,5,normalized time-series kmeans (4g)
MPT164,B1,Castelo da Maia,ERICSSON,41.297223,-8.636858,12,8,normalized time-series kmeans (4g)
MCO023,B1,Condeixa a Nova,ERICSSON,40.100251,-8.531964,12,8,normalized time-series kmeans (4g)
MCO024,B1,Condeixa a Nova,ERICSSON,40.128363,-8.522242,2,14,normalized time-series kmeans (4g)
MCO020,B1,Condeixa a Nova,ERICSSON,40.103514,-8.487475,9,9,normalized time-series kmeans (4g)
MCO021,B1,Condeixa a Nova,ERICSSON,40.101064,-8.401263,1,12,normalized time-series kmeans (4g)
MCO019,B1,Condeixa a Nova,ERICSSON,40.06324,-8.427507,8,13,normalized time-series kmeans (4g)
MCO018,B1,Condeixa a Nova,ERICSSON,40.12867,-8.492122,8,13,normalized time-series kmeans (4g)
MCO022,B1,Condeixa a Nova,ERICSSON,40.134077,-8.394928,8,13,normalized time-series kmeans (4g)
MCO025,B1,Condeixa a Nova,ERICSSON,40.132519,-8.470402,8,13,normalized time-series kmeans (4g)
MCO026,B1,Condeixa a Nova,ERICSSON,40.112626,-8.49656,0,7,normalized time-series kmeans (4g)
MCO065,B1,Figueira da Foz,ERICSSON,40.216698,-8.848531,1,12,normalized time-series kmeans (4g)
MCO117,B1,Figueira da Foz,ERICSSON,40.185827,-8.808244,10,1,normalized time-series kmeans (4g)
MCO070,B1,Figueira da Foz,ERICSSON,40.174645,-8.787539,1,12,normalized time-series kmeans (4g)
MCO141,B1,Figueira da Foz,ERICSSON,40.174165,-8.883765,14,11,normalized time-series kmeans (4g)
MCO063,B1,Figueira da Foz,ERICSSON,40.143882,-8.752909,8,13,normalized time-series kmeans (4g)
MCO062,B1,Figueira da Foz,ERICSSON,40.167812,-8.841358,1,12,normalized time-series kmeans (4g)
MCO071,B1,Figueira da Foz,ERICSSON,40.148984,-8.806345,14,11,normalized time-series kmeans (4g)
MCO060,B1,Figueira da Foz,ERICSSON,40.154747,-8.85333,14,11,normalized time-series kmeans (4g)
MCO066,B1,Figueira da Foz,ERICSSON,40.150699,-8.866441,14,11,normalized time-series kmeans (4g)
MCO061,B1,Figueira da Foz,ERICSSON,40.169779,-8.872217,14,11,normalized time-series kmeans (4g)
MCO064,B1,Figueira da Foz,ERICSSON,40.214203,-8.806982,1,12,normalized time-series kmeans (4g)
MPT478,B1,Povoa do Varzim,ERICSSON,41.380807,-8.747127,9,9,normalized time-series kmeans (4g)
MPT214,B1,Povoa do Varzim,ERICSSON,41.370078,-8.753133,6,0,normalized time-series kmeans (4g)
MPT212,B1,Povoa do Varzim,ERICSSON,41.351984,-8.745874,4,6,normalized time-series kmeans (4g)
MPT219,B1,Povoa do Varzim,ERICSSON,41.397621,-8.717106,1,12,normalized time-series kmeans (4g)
MPT220,B1,Povoa do Varzim,ERICSSON,41.381571,-8.728668,1,12,normalized time-series kmeans (4g)
MPT211,B1,Povoa do Varzim,ERICSSON,41.380465,-8.766644,4,6,normalized time-series kmeans (4g)
MPT216,B1,Povoa do Varzim,ERICSSON,41.361697,-8.738878,6,0,normalized time-series kmeans (4g)
MPT215,B1,Povoa do Varzim,ERICSSON,41.387744,-8.767275,6,0,normalized time-series kmeans (4g)
MPT379,B1,Senhora da Hora,ERICSSON,41.191577,-8.656081,9,9,normalized time-series kmeans (4g)
MPT373,B1,Senhora da Hora,ERICSSON,41.199214,-8.672215,13,10,normalized time-series kmeans (4g)
MPT382,B1,Senhora da Hora,ERICSSON,41.177555,-8.66332,13,10,normalized time-series kmeans (4g)
MPT370,B1,Senhora da Hora,ERICSSON,41.170276,-8.659972,5,5,normalized time-series kmeans (4g)
MPT372,B1,Senhora da Hora,ERICSSON,41.200563,-8.661019,5,5,normalized time-series kmeans (4g)
MPT383,B1,Senhora da Hora,ERICSSON,41.183889,-8.663836,11,2,normalized time-series kmeans (4g)
MPT374,B1,Senhora da Hora,ERICSSON,41.193482,-8.663787,8,13,normalized time-series kmeans (4g)
MPT366,B1,Senhora da Hora,ERICSSON,41.186381,-8.654715,5,5,normalized time-series kmeans (4g)
MPT380,B1,Senhora da Hora,ERICSSON,41.177669,-8.668303,13,10,normalized time-series kmeans (4g)
MPT506,B1,Senhora da Hora,ERICSSON,41.175501,-8.655201,11,2,normalized time-series kmeans (4g)
MPT378,B1,Senhora da Hora,ERICSSON,41.176436,-8.64735,11,2,normalized time-series kmeans (4g)
MPT243,B1,Castelo de Paiva,ERICSSON,41.047348,-8.348634,10,1,normalized time-series kmeans (4g)
MPT242,B1,Castelo de Paiva,ERICSSON,41.117477,-8.213404,14,11,normalized time-series kmeans (4g)
MPT233,B1,Castelo de Paiva,ERICSSON,41.142145,-8.280195,1,12,normalized time-series kmeans (4g)
MPT248,B1,Castelo de Paiva,ERICSSON,41.125036,-8.302576,8,13,normalized time-series kmeans (4g)
MPT249,B1,Castelo de Paiva,ERICSSON,41.11446,-8.269425,1,12,normalized time-series kmeans (4g)
MPT239,B1,Castelo de Paiva,ERICSSON,41.087703,-8.268943,10,1,normalized time-series kmeans (4g)
MAV032,B1,Castelo de Paiva,ERICSSON,41.049285,-8.312099,10,1,normalized time-series kmeans (4g)
MPT246,B1,Castelo de Paiva,ERICSSON,41.086749,-8.250928,9,9,normalized time-series kmeans (4g)
MVI001,B1,Castelo de Paiva,ERICSSON,41.065349,-8.233437,10,1,normalized time-series kmeans (4g)
MPT236,B1,Castelo de Paiva,ERICSSON,41.15432,-8.24724,1,12,normalized time-series kmeans (4g)
MAV031,B1,Castelo de Paiva,ERICSSON,41.032341,-8.38817,10,1,normalized time-series kmeans (4g)
MPT088,B1,Leca da Palmeira,ERICSSON,41.20413,-8.689471,6,0,normalized time-series kmeans (4g)
MPT081,B1,Leca da Palmeira,ERICSSON,41.223187,-8.681733,6,0,normalized time-series kmeans (4g)
MPT077,B1,Leca da Palmeira,ERICSSON,41.23502,-8.667977,11,2,normalized time-series kmeans (4g)
MPT087,B1,Leca da Palmeira,ERICSSON,41.221924,-8.662078,6,0,normalized time-series kmeans (4g)
MPT091,B1,Leca da Palmeira,ERICSSON,41.22117,-8.695332,8,13,normalized time-series kmeans (4g)
MPT082,B1,Leca da Palmeira,ERICSSON,41.204305,-8.69776,6,0,normalized time-series kmeans (4g)
MPT089,B1,Leca da Palmeira,ERICSSON,41.234634,-8.653254,8,13,normalized time-series kmeans (4g)
MPT080,B1,Leca da Palmeira,ERICSSON,41.209266,-8.655345,6,0,normalized time-series kmeans (4g)
MPT076,B1,Leca da Palmeira,ERICSSON,41.202837,-8.712055,4,6,normalized time-series kmeans (4g)
MPT074,B1,Leca da Palmeira,ERICSSON,41.214682,-8.677778,6,0,normalized time-series kmeans (4g)
MCO030,B1,Montemor o Velho,ERICSSON,40.21998,-8.548688,8,13,normalized time-series kmeans (4g)
MCO031,B1,Montemor o Velho,ERICSSON,40.174339,-8.705303,14,11,normalized time-series kmeans (4g)
MCO118,B1,Montemor o Velho,ERICSSON,40.231011,-8.775007,14,11,normalized time-series kmeans (4g)
MCO037,B1,Montemor o Velho,ERICSSON,40.116795,-8.632466,1,12,normalized time-series kmeans (4g)
MCO038,B1,Montemor o Velho,ERICSSON,40.257863,-8.763725,8,13,normalized time-series kmeans (4g)
MCO035,B1,Montemor o Velho,ERICSSON,40.14975,-8.637642,10,1,normalized time-series kmeans (4g)
MCO036,B1,Montemor o Velho,ERICSSON,40.219299,-8.593482,8,13,normalized time-series kmeans (4g)
MCO034,B1,Montemor o Velho,ERICSSON,40.178012,-8.678214,12,8,normalized time-series kmeans (4g)
MCO032,B1,Montemor o Velho,ERICSSON,40.231672,-8.667804,1,12,normalized time-series kmeans (4g)
MCO033,B1,Montemor o Velho,ERICSSON,40.265012,-8.717411,1,12,normalized time-series kmeans (4g)
MLR049,B1,Vieira de Leiria,ERICSSON,39.838702,-8.830536,8,13,normalized time-series kmeans (4g)
MLR046,B1,Vieira de Leiria,ERICSSON,39.791921,-8.829658,8,13,normalized time-series kmeans (4g)
MLR043,B1,Vieira de Leiria,ERICSSON,39.876303,-8.970489,1,12,normalized time-series kmeans (4g)
MLR044,B1,Vieira de Leiria,ERICSSON,39.785627,-8.867711,8,13,normalized time-series kmeans (4g)
MLR045,B1,Vieira de Leiria,ERICSSON,39.801271,-8.877913,8,13,normalized time-series kmeans (4g)
MLR048,B1,Vieira de Leiria,ERICSSON,39.794346,-8.924412,14,11,normalized time-series kmeans (4g)
MLR042,B1,Vieira de Leiria,ERICSSON,39.825561,-8.932686,14,11,normalized time-series kmeans (4g)
MLR051,B1,Vieira de Leiria,ERICSSON,39.764561,-8.825873,12,8,normalized time-series kmeans (4g)
MLR050,B1,Vieira de Leiria,ERICSSON,39.86921,-8.925055,4,6,normalized time-series kmeans (4g)
MLR047,B1,Vieira de Leiria,ERICSSON,39.851173,-8.874015,1,12,normalized time-series kmeans (4g)
MAV152,B1,Gafanha da Nazare,ERICSSON,40.588374,-8.67408,1,12,normalized time-series kmeans (4g)
MAV146,B1,Gafanha da Nazare,ERICSSON,40.616887,-8.718676,12,8,normalized time-series kmeans (4g)
MAV135,B1,Gafanha da Nazare,ERICSSON,40.55921,-8.753054,1,12,normalized time-series kmeans (4g)
MAV128,B1,Gafanha da Nazare,ERICSSON,40.60084,-8.666952,13,10,normalized time-series kmeans (4g)
MAV125,B1,Gafanha da Nazare,ERICSSON,40.613216,-8.752134,4,6,normalized time-series kmeans (4g)
MAV223,B1,Gafanha da Nazare,ERICSSON,40.635675,-8.697443,12,8,normalized time-series kmeans (4g)
MAV129,B1,Gafanha da Nazare,ERICSSON,40.638564,-8.742923,4,6,normalized time-series kmeans (4g)
MPT060,B1,Pacos de Ferreira,ERICSSON,41.270294,-8.341349,8,13,normalized time-series kmeans (4g)
MPT072,B1,Pacos de Ferreira,ERICSSON,41.258803,-8.354631,9,9,normalized time-series kmeans (4g)
MPT063,B1,Pacos de Ferreira,ERICSSON,41.289496,-8.384961,12,8,normalized time-series kmeans (4g)
MPT058,B1,Pacos de Ferreira,ERICSSON,41.250897,-8.403489,8,13,normalized time-series kmeans (4g)
MPT057,B1,Pacos de Ferreira,ERICSSON,41.278533,-8.423047,8,13,normalized time-series kmeans (4g)
MPT071,B1,Pacos de Ferreira,ERICSSON,41.274433,-8.394607,10,1,normalized time-series kmeans (4g)
MPT056,B1,Pacos de Ferreira,ERICSSON,41.264738,-8.431155,8,13,normalized time-series kmeans (4g)
MPT066,B1,Pacos de Ferreira,ERICSSON,41.287386,-8.342133,13,10,normalized time-series kmeans (4g)
MPT067,B1,Pacos de Ferreira,ERICSSON,41.277919,-8.364628,6,0,normalized time-series kmeans (4g)
MPT050,B1,Pacos de Ferreira,ERICSSON,41.277832,-8.374016,7,4,normalized time-series kmeans (4g)
MPT062,B1,Pacos de Ferreira,ERICSSON,41.234741,-8.360524,1,12,normalized time-series kmeans (4g)
MPT064,B1,Pacos de Ferreira,ERICSSON,41.229746,-8.321986,12,8,normalized time-series kmeans (4g)
MCO072,B1,Sao Joao do Campo,ERICSSON,40.280489,-8.520384,2,14,normalized time-series kmeans (4g)
MCO077,B1,Sao Joao do Campo,ERICSSON,40.281223,-8.479607,1,12,normalized time-series kmeans (4g)
MCO078,B1,Sao Joao do Campo,ERICSSON,40.268052,-8.408484,2,14,normalized time-series kmeans (4g)
MCO079,B1,Sao Joao do Campo,ERICSSON,40.241738,-8.445193,1,12,normalized time-series kmeans (4g)
MCO075,B1,Sao Joao do Campo,ERICSSON,40.236823,-8.403136,8,13,normalized time-series kmeans (4g)
MCO080,B1,Sao Joao do Campo,ERICSSON,40.194235,-8.37327,4,6,normalized time-series kmeans (4g)
MCO074,B1,Sao Joao do Campo,ERICSSON,40.253122,-8.415198,7,4,normalized time-series kmeans (4g)
MCO081,B1,Sao Joao do Campo,ERICSSON,40.232421,-8.515128,1,12,normalized time-series kmeans (4g)
MCO073,B1,Sao Joao do Campo,ERICSSON,40.247444,-8.48899,1,12,normalized time-series kmeans (4g)
MCO076,B1,Sao Joao do Campo,ERICSSON,40.271005,-8.455704,7,4,normalized time-series kmeans (4g)
MPT277,B1,Vila Nova de Gaia,ERICSSON,41.137902,-8.588339,12,8,normalized time-series kmeans (4g)
MPT485,B1,Vila Nova de Gaia,ERICSSON,41.129009,-8.593698,7,4,normalized time-series kmeans (4g)
MPT287,B1,Vila Nova de Gaia,ERICSSON,41.135332,-8.616235,6,0,normalized time-series kmeans (4g)
MPT278,B1,Vila Nova de Gaia,ERICSSON,41.124866,-8.605694,11,2,normalized time-series kmeans (4g)
MPT289,B1,Vila Nova de Gaia,ERICSSON,41.122597,-8.611342,11,2,normalized time-series kmeans (4g)
MPT288,B1,Vila Nova de Gaia,ERICSSON,41.121908,-8.602054,5,5,normalized time-series kmeans (4g)
MPT294,B1,Vila Nova de Gaia,ERICSSON,41.128728,-8.610317,7,4,normalized time-series kmeans (4g)
MPT290,B1,Vila Nova de Gaia,ERICSSON,41.129126,-8.616247,11,2,normalized time-series kmeans (4g)
MPT285,B1,Vila Nova de Gaia,ERICSSON,41.135979,-8.607748,6,0,normalized time-series kmeans (4g)
MPT279,B1,Vila Nova de Gaia,ERICSSON,41.126097,-8.589306,12,8,normalized time-series kmeans (4g)
MAV176,B1,Albergaria a Velha,ERICSSON,40.687243,-8.521409,12,8,normalized time-series kmeans (4g)
MAV162,B1,Albergaria a Velha,ERICSSON,40.692677,-8.555669,2,14,normalized time-series kmeans (4g)
MAV169,B1,Albergaria a Velha,ERICSSON,40.679657,-8.489502,14,11,normalized time-series kmeans (4g)
MAV173,B1,Albergaria a Velha,ERICSSON,40.695155,-8.53301,1,12,normalized time-series kmeans (4g)
MAV171,B1,Albergaria a Velha,ERICSSON,40.738821,-8.54244,14,11,normalized time-series kmeans (4g)
MAV153,B1,Albergaria a Velha,ERICSSON,40.717765,-8.521545,1,12,normalized time-series kmeans (4g)
MAV154,B1,Albergaria a Velha,ERICSSON,40.757522,-8.48463,8,13,normalized time-series kmeans (4g)
MAV163,B1,Albergaria a Velha,ERICSSON,40.708931,-8.493554,2,14,normalized time-series kmeans (4g)
MAV172,B1,Albergaria a Velha,ERICSSON,40.723281,-8.556176,8,13,normalized time-series kmeans (4g)
MAV183,B1,Albergaria a Velha,ERICSSON,40.685811,-8.469952,8,13,normalized time-series kmeans (4g)
MAV155,B1,Albergaria a Velha,ERICSSON,40.702654,-8.485124,1,12,normalized time-series kmeans (4g)
MPT269,B1,Marco de Canaveses,ERICSSON,41.223312,-8.251639,8,13,normalized time-series kmeans (4g)
MPT268,B1,Marco de Canaveses,ERICSSON,41.250558,-8.25837,1,12,normalized time-series kmeans (4g)
MPT271,B1,Marco de Canaveses,ERICSSON,41.175586,-8.162316,12,8,normalized time-series kmeans (4g)
MPT265,B1,Marco de Canaveses,ERICSSON,41.221066,-8.225957,14,11,normalized time-series kmeans (4g)
MPT266,B1,Marco de Canaveses,ERICSSON,41.204618,-8.12471,10,1,normalized time-series kmeans (4g)
MPT262,B1,Marco de Canaveses,ERICSSON,41.214212,-8.171199,10,1,normalized time-series kmeans (4g)
MPT258,B1,Marco de Canaveses,ERICSSON,41.191029,-8.145651,12,8,normalized time-series kmeans (4g)
MAV140,B1,Oliveira do Bairro,ERICSSON,40.458396,-8.462214,2,14,normalized time-series kmeans (4g)
MAV127,B1,Oliveira do Bairro,ERICSSON,40.471767,-8.522222,1,12,normalized time-series kmeans (4g)
MAV126,B1,Oliveira do Bairro,ERICSSON,40.523353,-8.551653,1,12,normalized time-series kmeans (4g)
MAV132,B1,Oliveira do Bairro,ERICSSON,40.488174,-8.409458,1,12,normalized time-series kmeans (4g)
MAV184,B1,Oliveira do Bairro,ERICSSON,40.510061,-8.432626,2,14,normalized time-series kmeans (4g)
MAV134,B1,Oliveira do Bairro,ERICSSON,40.558947,-8.554015,2,14,normalized time-series kmeans (4g)
MAV136,B1,Oliveira do Bairro,ERICSSON,40.497554,-8.531811,4,6,normalized time-series kmeans (4g)
MAV123,B1,Oliveira do Bairro,ERICSSON,40.505394,-8.446709,13,10,normalized time-series kmeans (4g)
MAV131,B1,Oliveira do Bairro,ERICSSON,40.514565,-8.493979,12,8,normalized time-series kmeans (4g)
MAV149,B1,Oliveira do Bairro,ERICSSON,40.566534,-8.52729,1,12,normalized time-series kmeans (4g)
MAV133,B1,Oliveira do Bairro,ERICSSON,40.553929,-8.535836,1,12,normalized time-series kmeans (4g)
MCO112,B1,Coimbra Santa Clara,ERICSSON,40.201416,-8.46213,10,1,normalized time-series kmeans (4g)
MCO006,B1,Coimbra Santa Clara,ERICSSON,40.156202,-8.458136,2,14,normalized time-series kmeans (4g)
MCO005,B1,Coimbra Santa Clara,ERICSSON,40.172347,-8.49404,2,14,normalized time-series kmeans (4g)
MCO002,B1,Coimbra Santa Clara,ERICSSON,40.179269,-8.443658,14,11,normalized time-series kmeans (4g)
MCO009,B1,Coimbra Santa Clara,ERICSSON,40.20983,-8.457157,14,11,normalized time-series kmeans (4g)
MCO001,B1,Coimbra Santa Clara,ERICSSON,40.173904,-8.406354,7,4,normalized time-series kmeans (4g)
MCO007,B1,Coimbra Santa Clara,ERICSSON,40.19506,-8.443165,0,7,normalized time-series kmeans (4g)
MCO003,B1,Coimbra Santa Clara,ERICSSON,40.196334,-8.464901,7,4,normalized time-series kmeans (4g)
MAV058,B1,Oliveira de Azemeis,ERICSSON,40.839413,-8.527895,9,9,normalized time-series kmeans (4g)
MAV064,B1,Oliveira de Azemeis,ERICSSON,40.785137,-8.491575,2,14,normalized time-series kmeans (4g)
MAV218,B1,Oliveira de Azemeis,ERICSSON,40.845089,-8.556279,14,11,normalized time-series kmeans (4g)
MAV063,B1,Oliveira de Azemeis,ERICSSON,40.849888,-8.485315,13,10,normalized time-series kmeans (4g)
MAV055,B1,Oliveira de Azemeis,ERICSSON,40.83811,-8.449265,10,1,normalized time-series kmeans (4g)
MAV073,B1,Oliveira de Azemeis,ERICSSON,40.81161,-8.504569,13,10,normalized time-series kmeans (4g)
MAV056,B1,Oliveira de Azemeis,ERICSSON,40.85027,-8.464326,9,9,normalized time-series kmeans (4g)
MAV219,B1,Oliveira de Azemeis,ERICSSON,40.839258,-8.47999,14,11,normalized time-series kmeans (4g)
MAV225,B1,Sao Joao da Madeira,ERICSSON,40.885346,-8.492508,9,9,normalized time-series kmeans (4g)
MAV165,B1,Sao Joao da Madeira,ERICSSON,40.881005,-8.473976,8,13,normalized time-series kmeans (4g)
MAV167,B1,Sao Joao da Madeira,ERICSSON,40.917672,-8.494955,0,7,normalized time-series kmeans (4g)
MAV180,B1,Sao Joao da Madeira,ERICSSON,40.914236,-8.530166,9,9,normalized time-series kmeans (4g)
MAV161,B1,Sao Joao da Madeira,ERICSSON,40.872004,-8.512331,14,11,normalized time-series kmeans (4g)
MAV178,B1,Sao Joao da Madeira,ERICSSON,40.906331,-8.490719,9,9,normalized time-series kmeans (4g)
MAV181,B1,Sao Joao da Madeira,ERICSSON,40.924849,-8.515375,9,9,normalized time-series kmeans (4g)
MAV159,B1,Sao Joao da Madeira,ERICSSON,40.891556,-8.5155,9,9,normalized time-series kmeans (4g)
MAV166,B1,Sao Joao da Madeira,ERICSSON,40.898425,-8.490271,8,13,normalized time-series kmeans (4g)
MAV177,B1,Pessegueiro do Vouga,ERICSSON,40.673461,-8.312769,1,12,normalized time-series kmeans (4g)
MAV158,B1,Pessegueiro do Vouga,ERICSSON,40.658512,-8.473079,1,12,normalized time-series kmeans (4g)
MAV179,B1,Pessegueiro do Vouga,ERICSSON,40.662231,-8.390382,1,12,normalized time-series kmeans (4g)
MAV175,B1,Pessegueiro do Vouga,ERICSSON,40.675841,-8.419708,14,11,normalized time-series kmeans (4g)
MAV174,B1,Pessegueiro do Vouga,ERICSSON,40.661958,-8.515296,1,12,normalized time-series kmeans (4g)
MAV160,B1,Pessegueiro do Vouga,ERICSSON,40.648332,-8.370614,14,11,normalized time-series kmeans (4g)
MAV164,B1,Pessegueiro do Vouga,ERICSSON,40.709484,-8.366026,8,13,normalized time-series kmeans (4g)
MAV170,B1,Pessegueiro do Vouga,ERICSSON,40.659331,-8.335177,2,14,normalized time-series kmeans (4g)
MAV168,B1,Pessegueiro do Vouga,ERICSSON,40.739761,-8.437049,1,12,normalized time-series kmeans (4g)
MAV156,B1,Pessegueiro do Vouga,ERICSSON,40.731496,-8.376641,8,13,normalized time-series kmeans (4g)
MAV205,B1,Santa Maria da Feira,ERICSSON,40.945739,-8.573605,12,8,normalized time-series kmeans (4g)
MAV207,B1,Santa Maria da Feira,ERICSSON,40.958855,-8.535593,9,9,normalized time-series kmeans (4g)
MAV034,B1,Santa Maria da Feira,ERICSSON,40.86658,-8.552182,2,14,normalized time-series kmeans (4g)
MAV041,B1,Santa Maria da Feira,ERICSSON,40.892756,-8.573077,14,11,normalized time-series kmeans (4g)
MAV049,B1,Santa Maria da Feira,ERICSSON,40.954824,-8.552074,9,9,normalized time-series kmeans (4g)
MAV051,B1,Santa Maria da Feira,ERICSSON,40.866678,-8.535875,8,13,normalized time-series kmeans (4g)
MAV045,B1,Santa Maria da Feira,ERICSSON,40.932856,-8.548769,6,0,normalized time-series kmeans (4g)
MAV039,B1,Santa Maria da Feira,ERICSSON,40.92401,-8.562092,11,2,normalized time-series kmeans (4g)
MAV044,B1,Santa Maria da Feira,ERICSSON,40.970998,-8.565026,7,4,normalized time-series kmeans (4g)
